group	pos	trimmed_pos	score	inc: 0,1,2,3,4+ mismatches	exc: 0,1,2,3,4+ mismatches	primer forward	primer reverse	inc-exc-matched	inc-aligned	exc-aligned	info
# locus 1
1	136	46	0.78	[0.71, 0.86, 0.87, 0.87, 1.0]	[0.0, 0.0, 0.84, 0.88, 1.0]	gccaugcaugucuaaguaua	tatacttagacatgcatggc	|||||||||||.|||||||.	gccaugcauguguaaguaug	gccaugcaugucuaaguaua	{'a0': 59, 'a1': 12, 'a2': 1, 'a3': 0, 'a-1': 11, 'a?': 0, 'b0': 0, 'b1': 0, 'b2': 21, 'b3': 1, 'b-1': 3, 'b?': 0, 'a_rep': 'gccaugcaugucuaaguaua', 'b_rep': 'gccaugcauguguaaguaug', 'query_aligned': 'gccaugcaugucuaaguaua', 'matched_aligned': '|||||||||||.|||||||.', 'target_aligned': 'gccaugcauguguaaguaug'}
1	137	47	0.76	[0.73, 0.82, 0.87, 0.87, 1.0]	[0.0, 0.04, 0.84, 0.88, 1.0]	ccaugcaugucuaaguauaa	ttatacttagacatgcatgg	||||||||||.|||||||.|	ccaugcauguguaaguauga	ccaugcaugucuaaguauaa	{'a0': 62, 'a1': 8, 'a2': 4, 'a3': 0, 'a-1': 11, 'a?': 0, 'b0': 0, 'b1': 1, 'b2': 20, 'b3': 1, 'b-1': 3, 'b?': 0, 'a_rep': 'ccaugcaugucuaaguauaa', 'b_rep': 'ccaugcauguguaaguauga', 'query_aligned': 'ccaugcaugucuaaguauaa', 'matched_aligned': '||||||||||.|||||||.|', 'target_aligned': 'ccaugcauguguaaguauga'}
1	138	48	0.61	[0.5, 0.76, 0.85, 0.87, 1.0]	[0.0, 0.04, 0.84, 0.88, 1.0]	caugcaugucuaaguauaaa	tttatacttagacatgcatg	|||||||||.|||||||.||	caugcauguguaaguaugaa	caugcaugucuaaguauaaa	{'a0': 43, 'a1': 22, 'a2': 8, 'a3': 2, 'a-1': 11, 'a?': 0, 'b0': 0, 'b1': 1, 'b2': 20, 'b3': 1, 'b-1': 3, 'b?': 0, 'a_rep': 'caugcaugucuaaguauaaa', 'b_rep': 'caugcauguguaaguaugaa', 'query_aligned': 'caugcaugucuaaguauaaa', 'matched_aligned': '|||||||||.|||||||.||', 'target_aligned': 'caugcauguguaaguaugaa'}
1	139	49	0.56	[0.41, 0.76, 0.84, 0.85, 1.0]	[0.0, 0.04, 0.84, 0.88, 1.0]	augcaugucuaaguauaaac	gtttatacttagacatgcat	||||||||.|||||||.|||	augcauguguaaguaugaac	augcaugucuaaguauaaac	{'a0': 35, 'a1': 30, 'a2': 7, 'a3': 1, 'a-1': 13, 'a?': 0, 'b0': 0, 'b1': 1, 'b2': 20, 'b3': 1, 'b-1': 3, 'b?': 0, 'a_rep': 'augcaugucuaaguauaaac', 'b_rep': 'augcauguguaaguaugaac', 'query_aligned': 'augcaugucuaaguauaaac', 'matched_aligned': '||||||||.|||||||.|||', 'target_aligned': 'augcauguguaaguaugaac'}
# locus 2
2	259	135	0.5	[0.38, 0.61, 0.75, 0.86, 1.0]	[0.0, 0.0, 0.84, 0.91, 1.0]	uacuuggauaaccgugguaa	ttaccacggttatccaagta	||||.||||||||||.||||	uacucggauaaccguaguaa	uacuuggauaaccgugguaa	{'a0': 41, 'a1': 26, 'a2': 15, 'a3': 12, 'a-1': 15, 'a?': 0, 'b0': 0, 'b1': 0, 'b2': 38, 'b3': 3, 'b-1': 4, 'b?': 0, 'a_rep': 'uacuuggauaaccgugguaa', 'b_rep': 'uacucggauaaccguaguaa', 'query_aligned': 'uacuuggauaaccgugguaa', 'matched_aligned': '||||.||||||||||.||||', 'target_aligned': 'uacucggauaaccguaguaa'}
2	260	136	0.51	[0.41, 0.61, 0.83, 0.88, 1.0]	[0.0, 0.0, 0.84, 0.91, 1.0]	acuuggauaaccgugguaau	attaccacggttatccaagt	|||.||||||||||.|||||	acucggauaaccguaguaau	acuuggauaaccgugguaau	{'a0': 45, 'a1': 22, 'a2': 24, 'a3': 5, 'a-1': 13, 'a?': 0, 'b0': 0, 'b1': 0, 'b2': 38, 'b3': 3, 'b-1': 4, 'b?': 0, 'a_rep': 'acuuggauaaccgugguaau', 'b_rep': 'acucggauaaccguaguaau', 'query_aligned': 'acuuggauaaccgugguaau', 'matched_aligned': '|||.||||||||||.|||||', 'target_aligned': 'acucggauaaccguaguaau'}
2	261	137	0.5	[0.41, 0.61, 0.83, 0.88, 1.0]	[0.0, 0.02, 0.84, 0.93, 1.0]	cuuggauaaccgugguaauu	aattaccacggttatccaag	||.||||||||||.||||||	cucggauaaccguaguaauu	cuuggauaaccgugguaauu	{'a0': 45, 'a1': 22, 'a2': 23, 'a3': 6, 'a-1': 13, 'a?': 0, 'b0': 0, 'b1': 1, 'b2': 37, 'b3': 4, 'b-1': 3, 'b?': 0, 'a_rep': 'cuuggauaaccgugguaauu', 'b_rep': 'cucggauaaccguaguaauu', 'query_aligned': 'cuuggauaaccgugguaauu', 'matched_aligned': '||.||||||||||.||||||', 'target_aligned': 'cucggauaaccguaguaauu'}
2	262	138	0.55	[0.42, 0.7, 0.84, 0.88, 1.0]	[0.0, 0.02, 0.84, 0.93, 1.0]	uuggauaaccgugguaauuc	gaattaccacggttatccaa	|.||||||||||.|||||||	ucggauaaccguaguaauuc	uuggauaaccgugguaauuc	{'a0': 46, 'a1': 30, 'a2': 16, 'a3': 4, 'a-1': 13, 'a?': 0, 'b0': 0, 'b1': 1, 'b2': 37, 'b3': 4, 'b-1': 3, 'b?': 0, 'a_rep': 'uuggauaaccgugguaauuc', 'b_rep': 'ucggauaaccguaguaauuc', 'query_aligned': 'uuggauaaccgugguaauuc', 'matched_aligned': '|.||||||||||.|||||||', 'target_aligned': 'ucggauaaccguaguaauuc'}
2	263	139	0.7	[0.59, 0.84, 0.86, 0.88, 1.0]	[0.0, 0.02, 0.87, 0.93, 1.0]	uggauaaccgugguaauucu	agaattaccacggttatcca	.||||||||||.||||||||	cggauaaccguaguaauucu	uggauaaccgugguaauucu	{'a0': 64, 'a1': 28, 'a2': 2, 'a3': 2, 'a-1': 13, 'a?': 0, 'b0': 0, 'b1': 1, 'b2': 38, 'b3': 3, 'b-1': 3, 'b?': 0, 'a_rep': 'uggauaaccgugguaauucu', 'b_rep': 'cggauaaccguaguaauucu', 'query_aligned': 'uggauaaccgugguaauucu', 'matched_aligned': '.||||||||||.||||||||', 'target_aligned': 'cggauaaccguaguaauucu'}
# locus 3
3	280	155	0.6	[0.43, 0.77, 0.82, 0.86, 1.0]	[0.0, 0.0, 0.91, 0.96, 1.0]	uucuagagcuaauacaugcu	agcatgtattagctctagaa	|||||||||||||||.|||.	uucuagagcuaauacgugca	uucuagagcuaauacaugcu	{'a0': 47, 'a1': 38, 'a2': 5, 'a3': 5, 'a-1': 15, 'a?': 0, 'b0': 0, 'b1': 0, 'b2': 41, 'b3': 2, 'b-1': 2, 'b?': 0, 'a_rep': 'uucuagagcuaauacaugcu', 'b_rep': 'uucuagagcuaauacgugca', 'query_aligned': 'uucuagagcuaauacaugcu', 'matched_aligned': '|||||||||||||||.|||.', 'target_aligned': 'uucuagagcuaauacgugca'}
# locus 4
4	337	199	0.55	[0.47, 0.62, 0.73, 0.8, 1.0]	[0.0, 0.0, 0.0, 0.38, 1.0]	uguauuuauuagauaaaaaa	ttttttatctaataaataca	||.|||||||||||.|||..	ugcauuuauuagauuaaagg	uguauuuauuagauaaaaaa	{'a0': 52, 'a1': 17, 'a2': 12, 'a3': 8, 'a-1': 22, 'a?': 0, 'b0': 0, 'b1': 0, 'b2': 0, 'b3': 17, 'b-1': 28, 'b?': 0, 'a_rep': 'uguauuuauuagauaaaaaa', 'b_rep': 'ugcauuuauuagauuaaagg', 'query_aligned': 'uguauuuauuagauaaaaaa', 'matched_aligned': '||.|||||||||||.|||..', 'target_aligned': 'ugcauuuauuagauuaaagg'}
4	338	200	0.54	[0.46, 0.62, 0.74, 0.83, 1.0]	[0.0, 0.0, 0.0, 0.02, 1.0]	guauuuauuagauaaaaaac	gttttttatctaataaatac	|.|||||||||||.|||...	gcauuuauuagauuaaaggu	guauuuauuagauaaaaaac	{'a0': 52, 'a1': 18, 'a2': 13, 'a3': 10, 'a-1': 19, 'a?': 0, 'b0': 0, 'b1': 0, 'b2': 0, 'b3': 1, 'b-1': 44, 'b?': 0, 'a_rep': 'guauuuauuagauaaaaaac', 'b_rep': 'gcauuuauuagauuaaaggu', 'query_aligned': 'guauuuauuagauaaaaaac', 'matched_aligned': '|.|||||||||||.|||...', 'target_aligned': 'gcauuuauuagauuaaaggu'}
4	339	201	0.54	[0.46, 0.62, 0.74, 0.83, 1.0]	[0.0, 0.0, 0.0, 0.0, 1.0]	uauuuauuagauaaaaaacc	ggttttttatctaataaata	.|||||||||||.|||...|	cauuuauuagauuaaagguc	uauuuauuagauaaaaaacc	{'a0': 52, 'a1': 18, 'a2': 13, 'a3': 10, 'a-1': 19, 'a?': 0, 'b0': 0, 'b1': 0, 'b2': 0, 'b3': 0, 'b-1': 45, 'b?': 0, 'a_rep': 'uauuuauuagauaaaaaacc', 'b_rep': 'cauuuauuagauuaaagguc', 'query_aligned': 'uauuuauuagauaaaaaacc', 'matched_aligned': '.|||||||||||.|||...|', 'target_aligned': 'cauuuauuagauuaaagguc'}
4	340	202	0.54	[0.46, 0.62, 0.79, 0.86, 1.0]	[0.0, 0.0, 0.0, 0.02, 1.0]	auuuauuagauaaaaaacca	tggttttttatctaataaat	|||||||||||.|||...|.	auuuauuagauuaaaggucg	auuuauuagauaaaaaacca	{'a0': 51, 'a1': 19, 'a2': 19, 'a3': 7, 'a-1': 16, 'a?': 0, 'b0': 0, 'b1': 0, 'b2': 0, 'b3': 1, 'b-1': 44, 'b?': 0, 'a_rep': 'auuuauuagauaaaaaacca', 'b_rep': 'auuuauuagauuaaaggucg', 'query_aligned': 'auuuauuagauaaaaaacca', 'matched_aligned': '|||||||||||.|||...|.', 'target_aligned': 'auuuauuagauuaaaggucg'}
4	341	203	0.53	[0.45, 0.61, 0.76, 0.83, 1.0]	[0.0, 0.0, 0.0, 0.02, 1.0]	uuuauuagauaaaaaaccaa	ttggttttttatctaataaa	||||||||||.|||...|.|	uuuauuagauuaaaggucga	uuuauuagauaaaaaaccaa	{'a0': 50, 'a1': 18, 'a2': 17, 'a3': 8, 'a-1': 19, 'a?': 0, 'b0': 0, 'b1': 0, 'b2': 0, 'b3': 1, 'b-1': 44, 'b?': 0, 'a_rep': 'uuuauuagauaaaaaaccaa', 'b_rep': 'uuuauuagauuaaaggucga', 'query_aligned': 'uuuauuagauaaaaaaccaa', 'matched_aligned': '||||||||||.|||...|.|', 'target_aligned': 'uuuauuagauuaaaggucga'}
# locus 5
5	550	362	0.5	[0.34, 0.66, 0.88, 0.95, 1.0]	[0.0, 0.0, 0.04, 0.8, 1.0]	aacggguaacggggaauuag	ctaattccccgttacccgtt	.||||||.||||.|||||||	gacgggugacggagaauuag	aacggguaacggggaauuag	{'a0': 40, 'a1': 36, 'a2': 26, 'a3': 8, 'a-1': 6, 'a?': 0, 'b0': 0, 'b1': 0, 'b2': 2, 'b3': 35, 'b-1': 9, 'b?': 0, 'a_rep': 'aacggguaacggggaauuag', 'b_rep': 'gacgggugacggagaauuag', 'query_aligned': 'aacggguaacggggaauuag', 'matched_aligned': '.||||||.||||.|||||||', 'target_aligned': 'gacgggugacggagaauuag'}
5	551	363	0.56	[0.41, 0.74, 0.91, 0.97, 1.0]	[0.0, 0.02, 0.78, 0.89, 1.0]	acggguaacggggaauuagg	cctaattccccgttacccgt	||||||.||||.||||||||	acgggugacggagaauuagg	acggguaacggggaauuagg	{'a0': 47, 'a1': 39, 'a2': 20, 'a3': 7, 'a-1': 3, 'a?': 0, 'b0': 0, 'b1': 1, 'b2': 35, 'b3': 5, 'b-1': 5, 'b?': 0, 'a_rep': 'acggguaacggggaauuagg', 'b_rep': 'acgggugacggagaauuagg', 'query_aligned': 'acggguaacggggaauuagg', 'matched_aligned': '||||||.||||.||||||||', 'target_aligned': 'acgggugacggagaauuagg'}
5	552	364	0.56	[0.41, 0.74, 0.91, 0.97, 1.0]	[0.0, 0.02, 0.78, 0.89, 1.0]	cggguaacggggaauuaggg	ccctaattccccgttacccg	|||||.||||.|||||||||	cgggugacggagaauuaggg	cggguaacggggaauuaggg	{'a0': 47, 'a1': 39, 'a2': 20, 'a3': 7, 'a-1': 3, 'a?': 0, 'b0': 0, 'b1': 1, 'b2': 35, 'b3': 5, 'b-1': 5, 'b?': 0, 'a_rep': 'cggguaacggggaauuaggg', 'b_rep': 'cgggugacggagaauuaggg', 'query_aligned': 'cggguaacggggaauuaggg', 'matched_aligned': '|||||.||||.|||||||||', 'target_aligned': 'cgggugacggagaauuaggg'}
5	553	365	0.56	[0.41, 0.74, 0.88, 0.95, 1.0]	[0.0, 0.02, 0.78, 0.89, 1.0]	ggguaacggggaauuagggu	accctaattccccgttaccc	||||.||||.||||||||||	gggugacggagaauuagggu	ggguaacggggaauuagggu	{'a0': 47, 'a1': 39, 'a2': 16, 'a3': 8, 'a-1': 6, 'a?': 0, 'b0': 0, 'b1': 1, 'b2': 35, 'b3': 5, 'b-1': 5, 'b?': 0, 'a_rep': 'ggguaacggggaauuagggu', 'b_rep': 'gggugacggagaauuagggu', 'query_aligned': 'ggguaacggggaauuagggu', 'matched_aligned': '||||.||||.||||||||||', 'target_aligned': 'gggugacggagaauuagggu'}
5	554	366	0.57	[0.41, 0.74, 0.88, 0.91, 1.0]	[0.0, 0.02, 0.83, 0.93, 1.0]	gguaacggggaauuaggguu	aaccctaattccccgttacc	|||.||||.|||||||||||	ggugacggagaauuaggguu	gguaacggggaauuaggguu	{'a0': 48, 'a1': 38, 'a2': 16, 'a3': 4, 'a-1': 10, 'a?': 0, 'b0': 0, 'b1': 1, 'b2': 37, 'b3': 5, 'b-1': 3, 'b?': 0, 'a_rep': 'gguaacggggaauuaggguu', 'b_rep': 'ggugacggagaauuaggguu', 'query_aligned': 'gguaacggggaauuaggguu', 'matched_aligned': '|||.||||.|||||||||||', 'target_aligned': 'ggugacggagaauuaggguu'}
5	555	367	0.56	[0.41, 0.73, 0.84, 0.89, 1.0]	[0.0, 0.02, 0.83, 0.91, 1.0]	guaacggggaauuaggguuc	gaaccctaattccccgttac	||.||||.||||||||||||	gugacggagaauuaggguuc	guaacggggaauuaggguuc	{'a0': 47, 'a1': 38, 'a2': 12, 'a3': 6, 'a-1': 13, 'a?': 0, 'b0': 0, 'b1': 1, 'b2': 37, 'b3': 4, 'b-1': 4, 'b?': 0, 'a_rep': 'guaacggggaauuaggguuc', 'b_rep': 'gugacggagaauuaggguuc', 'query_aligned': 'guaacggggaauuaggguuc', 'matched_aligned': '||.||||.||||||||||||', 'target_aligned': 'gugacggagaauuaggguuc'}
5	556	368	0.54	[0.38, 0.72, 0.79, 0.86, 1.0]	[0.0, 0.02, 0.83, 0.91, 1.0]	uaacggggaauuaggguucg	cgaaccctaattccccgtta	|.||||.|||||||||||||	ugacggagaauuaggguucg	uaacggggaauuaggguucg	{'a0': 44, 'a1': 40, 'a2': 8, 'a3': 8, 'a-1': 16, 'a?': 0, 'b0': 0, 'b1': 1, 'b2': 37, 'b3': 4, 'b-1': 4, 'b?': 0, 'a_rep': 'uaacggggaauuaggguucg', 'b_rep': 'ugacggagaauuaggguucg', 'query_aligned': 'uaacggggaauuaggguucg', 'matched_aligned': '|.||||.|||||||||||||', 'target_aligned': 'ugacggagaauuaggguucg'}
5	557	369	0.54	[0.38, 0.72, 0.79, 0.86, 1.0]	[0.0, 0.02, 0.83, 0.91, 1.0]	aacggggaauuaggguucga	tcgaaccctaattccccgtt	.||||.||||||||||||||	gacggagaauuaggguucga	aacggggaauuaggguucga	{'a0': 44, 'a1': 39, 'a2': 9, 'a3': 8, 'a-1': 16, 'a?': 0, 'b0': 0, 'b1': 1, 'b2': 37, 'b3': 4, 'b-1': 4, 'b?': 0, 'a_rep': 'aacggggaauuaggguucga', 'b_rep': 'gacggagaauuaggguucga', 'query_aligned': 'aacggggaauuaggguucga', 'matched_aligned': '.||||.||||||||||||||', 'target_aligned': 'gacggagaauuaggguucga'}
# locus 6
6	731	539	0.51	[0.3, 0.73, 0.79, 0.85, 1.0]	[0.0, 0.0, 0.76, 0.93, 1.0]	cccuuaacgaggaacaauug	caattgttcctcgttaaggg	|||||||||||||.|.||||	cccuuaacgaggauccauug	cccuuaacgaggaacaauug	{'a0': 35, 'a1': 50, 'a2': 8, 'a3': 7, 'a-1': 17, 'a?': 0, 'b0': 0, 'b1': 0, 'b2': 35, 'b3': 8, 'b-1': 3, 'b?': 0, 'a_rep': 'cccuuaacgaggaacaauug', 'b_rep': 'cccuuaacgaggauccauug', 'query_aligned': 'cccuuaacgaggaacaauug', 'matched_aligned': '|||||||||||||.|.||||', 'target_aligned': 'cccuuaacgaggauccauug'}
6	732	540	0.57	[0.38, 0.75, 0.8, 0.86, 1.0]	[0.0, 0.0, 0.78, 0.93, 1.0]	ccuuaacgaggaacaauugg	ccaattgttcctcgttaagg	||||||||||||.|.|||||	ccuuaacgaggauccauugg	ccuuaacgaggaacaauugg	{'a0': 45, 'a1': 43, 'a2': 6, 'a3': 7, 'a-1': 16, 'a?': 0, 'b0': 0, 'b1': 0, 'b2': 36, 'b3': 7, 'b-1': 3, 'b?': 0, 'a_rep': 'ccuuaacgaggaacaauugg', 'b_rep': 'ccuuaacgaggauccauugg', 'query_aligned': 'ccuuaacgaggaacaauugg', 'matched_aligned': '||||||||||||.|.|||||', 'target_aligned': 'ccuuaacgaggauccauugg'}
6	733	541	0.69	[0.6, 0.79, 0.86, 0.89, 1.0]	[0.0, 0.0, 0.8, 0.93, 1.0]	cuuaacgaggaacaauugga	tccaattgttcctcgttaag	|||||||||||.|.||||||	cuuaacgaggauccauugga	cuuaacgaggaacaauugga	{'a0': 70, 'a1': 22, 'a2': 9, 'a3': 3, 'a-1': 13, 'a?': 0, 'b0': 0, 'b1': 0, 'b2': 37, 'b3': 6, 'b-1': 3, 'b?': 0, 'a_rep': 'cuuaacgaggaacaauugga', 'b_rep': 'cuuaacgaggauccauugga', 'query_aligned': 'cuuaacgaggaacaauugga', 'matched_aligned': '|||||||||||.|.||||||', 'target_aligned': 'cuuaacgaggauccauugga'}
6	734	542	0.71	[0.62, 0.79, 0.86, 0.89, 1.0]	[0.0, 0.0, 0.78, 0.91, 1.0]	uuaacgaggaacaauuggag	ctccaattgttcctcgttaa	||||||||||.|.|||||||	uuaacgaggauccauuggag	uuaacgaggaacaauuggag	{'a0': 73, 'a1': 20, 'a2': 8, 'a3': 3, 'a-1': 13, 'a?': 0, 'b0': 0, 'b1': 0, 'b2': 36, 'b3': 6, 'b-1': 4, 'b?': 0, 'a_rep': 'uuaacgaggaacaauuggag', 'b_rep': 'uuaacgaggauccauuggag', 'query_aligned': 'uuaacgaggaacaauuggag', 'matched_aligned': '||||||||||.|.|||||||', 'target_aligned': 'uuaacgaggauccauuggag'}
6	735	543	0.72	[0.63, 0.8, 0.86, 0.89, 1.0]	[0.0, 0.0, 0.78, 0.91, 1.0]	uaacgaggaacaauuggagg	cctccaattgttcctcgtta	|||||||||.|.||||||||	uaacgaggauccauuggagg	uaacgaggaacaauuggagg	{'a0': 74, 'a1': 20, 'a2': 7, 'a3': 3, 'a-1': 13, 'a?': 0, 'b0': 0, 'b1': 0, 'b2': 36, 'b3': 6, 'b-1': 4, 'b?': 0, 'a_rep': 'uaacgaggaacaauuggagg', 'b_rep': 'uaacgaggauccauuggagg', 'query_aligned': 'uaacgaggaacaauuggagg', 'matched_aligned': '|||||||||.|.||||||||', 'target_aligned': 'uaacgaggauccauuggagg'}
6	736	544	0.72	[0.63, 0.81, 0.86, 0.9, 1.0]	[0.0, 0.0, 0.78, 0.91, 1.0]	aacgaggaacaauuggaggg	ccctccaattgttcctcgtt	||||||||.|.|||||||||	aacgaggauccauuggaggg	aacgaggaacaauuggaggg	{'a0': 74, 'a1': 21, 'a2': 6, 'a3': 4, 'a-1': 12, 'a?': 0, 'b0': 0, 'b1': 0, 'b2': 36, 'b3': 6, 'b-1': 4, 'b?': 0, 'a_rep': 'aacgaggaacaauuggaggg', 'b_rep': 'aacgaggauccauuggaggg', 'query_aligned': 'aacgaggaacaauuggaggg', 'matched_aligned': '||||||||.|.|||||||||', 'target_aligned': 'aacgaggauccauuggaggg'}
6	737	545	0.72	[0.63, 0.81, 0.86, 0.9, 1.0]	[0.0, 0.0, 0.76, 0.89, 1.0]	acgaggaacaauuggagggc	gccctccaattgttcctcgt	|||||||.|.||||||||||	acgaggauccauuggagggc	acgaggaacaauuggagggc	{'a0': 74, 'a1': 21, 'a2': 6, 'a3': 4, 'a-1': 12, 'a?': 0, 'b0': 0, 'b1': 0, 'b2': 35, 'b3': 6, 'b-1': 5, 'b?': 0, 'a_rep': 'acgaggaacaauuggagggc', 'b_rep': 'acgaggauccauuggagggc', 'query_aligned': 'acgaggaacaauuggagggc', 'matched_aligned': '|||||||.|.||||||||||', 'target_aligned': 'acgaggauccauuggagggc'}
6	738	546	0.76	[0.7, 0.83, 0.88, 0.9, 1.0]	[0.0, 0.0, 0.8, 0.89, 1.0]	cgaggaacaauuggagggca	tgccctccaattgttcctcg	||||||.|.|||||||||||	cgaggauccauuggagggca	cgaggaacaauuggagggca	{'a0': 82, 'a1': 15, 'a2': 6, 'a3': 2, 'a-1': 12, 'a?': 0, 'b0': 0, 'b1': 0, 'b2': 37, 'b3': 4, 'b-1': 5, 'b?': 0, 'a_rep': 'cgaggaacaauuggagggca', 'b_rep': 'cgaggauccauuggagggca', 'query_aligned': 'cgaggaacaauuggagggca', 'matched_aligned': '||||||.|.|||||||||||', 'target_aligned': 'cgaggauccauuggagggca'}
6	739	547	0.78	[0.72, 0.85, 0.89, 0.91, 1.0]	[0.0, 0.0, 0.8, 0.91, 1.0]	gaggaacaauuggagggcaa	ttgccctccaattgttcctc	|||||.|.||||||||||||	gaggauccauuggagggcaa	gaggaacaauuggagggcaa	{'a0': 84, 'a1': 15, 'a2': 5, 'a3': 2, 'a-1': 11, 'a?': 0, 'b0': 0, 'b1': 0, 'b2': 37, 'b3': 5, 'b-1': 4, 'b?': 0, 'a_rep': 'gaggaacaauuggagggcaa', 'b_rep': 'gaggauccauuggagggcaa', 'query_aligned': 'gaggaacaauuggagggcaa', 'matched_aligned': '|||||.|.||||||||||||', 'target_aligned': 'gaggauccauuggagggcaa'}
6	740	548	0.79	[0.72, 0.85, 0.9, 0.91, 1.0]	[0.0, 0.0, 0.87, 0.96, 1.0]	aggaacaauuggagggcaag	cttgccctccaattgttcct	||||.|.|||||||||||||	aggauccauuggagggcaag	aggaacaauuggagggcaag	{'a0': 84, 'a1': 16, 'a2': 5, 'a3': 1, 'a-1': 11, 'a?': 0, 'b0': 0, 'b1': 0, 'b2': 40, 'b3': 4, 'b-1': 2, 'b?': 0, 'a_rep': 'aggaacaauuggagggcaag', 'b_rep': 'aggauccauuggagggcaag', 'query_aligned': 'aggaacaauuggagggcaag', 'matched_aligned': '||||.|.|||||||||||||', 'target_aligned': 'aggauccauuggagggcaag'}
6	741	549	0.79	[0.72, 0.85, 0.9, 0.91, 1.0]	[0.0, 0.0, 0.87, 0.96, 1.0]	ggaacaauuggagggcaagu	acttgccctccaattgttcc	|||.|.||||||||||||||	ggauccauuggagggcaagu	ggaacaauuggagggcaagu	{'a0': 84, 'a1': 16, 'a2': 5, 'a3': 1, 'a-1': 11, 'a?': 0, 'b0': 0, 'b1': 0, 'b2': 40, 'b3': 4, 'b-1': 2, 'b?': 0, 'a_rep': 'ggaacaauuggagggcaagu', 'b_rep': 'ggauccauuggagggcaagu', 'query_aligned': 'ggaacaauuggagggcaagu', 'matched_aligned': '|||.|.||||||||||||||', 'target_aligned': 'ggauccauuggagggcaagu'}
6	742	550	0.79	[0.72, 0.85, 0.91, 0.91, 1.0]	[0.0, 0.0, 0.85, 0.96, 1.0]	gaacaauuggagggcaaguc	gacttgccctccaattgttc	||.|.|||||||||||||||	gauccauuggagggcaaguc	gaacaauuggagggcaaguc	{'a0': 84, 'a1': 16, 'a2': 6, 'a3': 0, 'a-1': 11, 'a?': 0, 'b0': 0, 'b1': 0, 'b2': 39, 'b3': 5, 'b-1': 2, 'b?': 0, 'a_rep': 'gaacaauuggagggcaaguc', 'b_rep': 'gauccauuggagggcaaguc', 'query_aligned': 'gaacaauuggagggcaaguc', 'matched_aligned': '||.|.|||||||||||||||', 'target_aligned': 'gauccauuggagggcaaguc'}
6	743	551	0.81	[0.75, 0.87, 0.91, 0.92, 1.0]	[0.0, 0.0, 0.85, 0.96, 1.0]	aacaauuggagggcaagucu	agacttgccctccaattgtt	|.|.||||||||||||||||	auccauuggagggcaagucu	aacaauuggagggcaagucu	{'a0': 88, 'a1': 14, 'a2': 4, 'a3': 2, 'a-1': 9, 'a?': 0, 'b0': 0, 'b1': 0, 'b2': 39, 'b3': 5, 'b-1': 2, 'b?': 0, 'a_rep': 'aacaauuggagggcaagucu', 'b_rep': 'auccauuggagggcaagucu', 'query_aligned': 'aacaauuggagggcaagucu', 'matched_aligned': '|.|.||||||||||||||||', 'target_aligned': 'auccauuggagggcaagucu'}
6	744	552	0.81	[0.75, 0.86, 0.92, 0.95, 1.0]	[0.0, 0.0, 0.85, 0.93, 1.0]	acaauuggagggcaagucug	cagacttgccctccaattgt	.|.|||||||||||||||||	uccauuggagggcaagucug	acaauuggagggcaagucug	{'a0': 88, 'a1': 13, 'a2': 7, 'a3': 3, 'a-1': 6, 'a?': 0, 'b0': 0, 'b1': 0, 'b2': 39, 'b3': 4, 'b-1': 3, 'b?': 0, 'a_rep': 'acaauuggagggcaagucug', 'b_rep': 'uccauuggagggcaagucug', 'query_aligned': 'acaauuggagggcaagucug', 'matched_aligned': '.|.|||||||||||||||||', 'target_aligned': 'uccauuggagggcaagucug'}
# locus 7
7	1218	811	0.59	[0.53, 0.76, 0.86, 0.89, 1.0]	[0.0, 0.11, 0.72, 0.91, 1.0]	gaauacauuagcauggaaua	tattccatgctaatgtattc	|.||||||||||||||.|||	ggauacauuagcaugggaua	gaauacauuagcauggaaua	{'a0': 63, 'a1': 27, 'a2': 11, 'a3': 4, 'a-1': 13, 'a?': 0, 'b0': 0, 'b1': 5, 'b2': 28, 'b3': 9, 'b-1': 4, 'b?': 0, 'a_rep': 'gaauacauuagcauggaaua', 'b_rep': 'ggauacauuagcaugggaua', 'query_aligned': 'gaauacauuagcauggaaua', 'matched_aligned': '|.||||||||||||||.|||', 'target_aligned': 'ggauacauuagcaugggaua'}
7	1219	812	0.6	[0.53, 0.77, 0.86, 0.89, 1.0]	[0.0, 0.11, 0.72, 0.91, 1.0]	aauacauuagcauggaauaa	ttattccatgctaatgtatt	.||||||||||||||.||||	gauacauuagcaugggauaa	aauacauuagcauggaauaa	{'a0': 63, 'a1': 28, 'a2': 11, 'a3': 3, 'a-1': 13, 'a?': 0, 'b0': 0, 'b1': 5, 'b2': 28, 'b3': 9, 'b-1': 4, 'b?': 0, 'a_rep': 'aauacauuagcauggaauaa', 'b_rep': 'gauacauuagcaugggauaa', 'query_aligned': 'aauacauuagcauggaauaa', 'matched_aligned': '.||||||||||||||.||||', 'target_aligned': 'gauacauuagcaugggauaa'}
7	1220	813	0.66	[0.55, 0.76, 0.87, 0.89, 1.0]	[0.0, 0.0, 0.74, 0.91, 1.0]	auacauuagcauggaauaau	attattccatgctaatgtat	||||||||||||||.||||.	auacauuagcaugggauaac	auacauuagcauggaauaau	{'a0': 65, 'a1': 25, 'a2': 13, 'a3': 2, 'a-1': 13, 'a?': 0, 'b0': 0, 'b1': 0, 'b2': 34, 'b3': 8, 'b-1': 4, 'b?': 0, 'a_rep': 'auacauuagcauggaauaau', 'b_rep': 'auacauuagcaugggauaac', 'query_aligned': 'auacauuagcauggaauaau', 'matched_aligned': '||||||||||||||.||||.', 'target_aligned': 'auacauuagcaugggauaac'}
7	1221	814	0.56	[0.4, 0.71, 0.85, 0.88, 1.0]	[0.0, 0.0, 0.74, 0.91, 1.0]	uacauuagcauggaauaaua	tattattccatgctaatgta	|||||||||||||.||||.|	uacauuagcaugggauaaca	uacauuagcauggaauaaua	{'a0': 47, 'a1': 37, 'a2': 16, 'a3': 4, 'a-1': 14, 'a?': 0, 'b0': 0, 'b1': 0, 'b2': 34, 'b3': 8, 'b-1': 4, 'b?': 0, 'a_rep': 'uacauuagcauggaauaaua', 'b_rep': 'uacauuagcaugggauaaca', 'query_aligned': 'uacauuagcauggaauaaua', 'matched_aligned': '|||||||||||||.||||.|', 'target_aligned': 'uacauuagcaugggauaaca'}
# locus 8
8	1225	817	0.51	[0.34, 0.69, 0.87, 0.89, 1.0]	[0.0, 0.0, 0.0, 0.02, 1.0]	auuagcauggaauaauagaa	ttctattattccatgctaat	||||||||||.||||.|-|-|	auuagcaugggauaaca-aua	auuagcauggaauaauaga-a	{'a0': 40, 'a1': 41, 'a2': 22, 'a3': 2, 'a-1': 13, 'a?': 0, 'b0': 0, 'b1': 0, 'b2': 0, 'b3': 1, 'b-1': 45, 'b?': 0, 'a_rep': 'auuagcauggaauaauagaa', 'b_rep': 'auuagcaugggauaacaaua', 'query_aligned': 'auuagcauggaauaauaga-a', 'matched_aligned': '||||||||||.||||.|-|-|', 'target_aligned': 'auuagcaugggauaaca-aua'}
8	1226	818	0.55	[0.4, 0.7, 0.88, 0.9, 1.0]	[0.0, 0.0, 0.0, 0.02, 1.0]	uuagcauggaauaauagaau	attctattattccatgctaa	|||||||||.||||.|-|-||	uuagcaugggauaaca-auau	uuagcauggaauaauaga-au	{'a0': 47, 'a1': 36, 'a2': 21, 'a3': 2, 'a-1': 12, 'a?': 0, 'b0': 0, 'b1': 0, 'b2': 0, 'b3': 1, 'b-1': 45, 'b?': 0, 'a_rep': 'uuagcauggaauaauagaau', 'b_rep': 'uuagcaugggauaacaauau', 'query_aligned': 'uuagcauggaauaauaga-au', 'matched_aligned': '|||||||||.||||.|-|-||', 'target_aligned': 'uuagcaugggauaaca-auau'}
8	1227	819	0.56	[0.4, 0.71, 0.89, 0.9, 1.0]	[0.0, 0.0, 0.0, 0.02, 1.0]	uagcauggaauaauagaaua	tattctattattccatgcta	||||||||.||||.|-|-|||	uagcaugggauaaca-auaua	uagcauggaauaauaga-aua	{'a0': 47, 'a1': 37, 'a2': 21, 'a3': 1, 'a-1': 12, 'a?': 0, 'b0': 0, 'b1': 0, 'b2': 0, 'b3': 1, 'b-1': 45, 'b?': 0, 'a_rep': 'uagcauggaauaauagaaua', 'b_rep': 'uagcaugggauaacaauaua', 'query_aligned': 'uagcauggaauaauaga-aua', 'matched_aligned': '||||||||.||||.|-|-|||', 'target_aligned': 'uagcaugggauaaca-auaua'}
8	1228	820	0.53	[0.38, 0.69, 0.88, 0.9, 1.0]	[0.0, 0.0, 0.0, 0.02, 1.0]	agcauggaauaauagaauag	ctattctattattccatgct	|||||||.||||.|-|-||||	agcaugggauaaca-auauag	agcauggaauaauaga-auag	{'a0': 45, 'a1': 36, 'a2': 23, 'a3': 2, 'a-1': 12, 'a?': 0, 'b0': 0, 'b1': 0, 'b2': 0, 'b3': 1, 'b-1': 45, 'b?': 0, 'a_rep': 'agcauggaauaauagaauag', 'b_rep': 'agcaugggauaacaauauag', 'query_aligned': 'agcauggaauaauaga-auag', 'matched_aligned': '|||||||.||||.|-|-||||', 'target_aligned': 'agcaugggauaaca-auauag'}
8	1229	821	0.53	[0.38, 0.69, 0.88, 0.9, 1.0]	[0.0, 0.0, 0.0, 0.02, 1.0]	gcauggaauaauagaauagg	cctattctattattccatgc	||||||.||||.|-|-|||||	gcaugggauaaca-auauagg	gcauggaauaauaga-auagg	{'a0': 45, 'a1': 36, 'a2': 23, 'a3': 2, 'a-1': 12, 'a?': 0, 'b0': 0, 'b1': 0, 'b2': 0, 'b3': 1, 'b-1': 45, 'b?': 0, 'a_rep': 'gcauggaauaauagaauagg', 'b_rep': 'gcaugggauaacaauauagg', 'query_aligned': 'gcauggaauaauaga-auagg', 'matched_aligned': '||||||.||||.|-|-|||||', 'target_aligned': 'gcaugggauaaca-auauagg'}
8	1230	822	0.53	[0.38, 0.68, 0.86, 0.89, 1.0]	[0.0, 0.0, 0.0, 0.02, 1.0]	cauggaauaauagaauagga	tcctattctattattccatg	|||||.||||.|-|-||||||	caugggauaaca-auauagga	cauggaauaauaga-auagga	{'a0': 45, 'a1': 35, 'a2': 22, 'a3': 3, 'a-1': 13, 'a?': 0, 'b0': 0, 'b1': 0, 'b2': 0, 'b3': 1, 'b-1': 45, 'b?': 0, 'a_rep': 'cauggaauaauagaauagga', 'b_rep': 'caugggauaacaauauagga', 'query_aligned': 'cauggaauaauaga-auagga', 'matched_aligned': '|||||.||||.|-|-||||||', 'target_aligned': 'caugggauaaca-auauagga'}
8	1231	823	0.52	[0.37, 0.67, 0.86, 0.89, 1.0]	[0.0, 0.0, 0.0, 0.0, 1.0]	auggaauaauagaauaggac	gtcctattctattattccat	||||.||||.|-|-||||||.	augggauaaca-auauaggau	auggaauaauaga-auaggac	{'a0': 44, 'a1': 35, 'a2': 22, 'a3': 4, 'a-1': 13, 'a?': 0, 'b0': 0, 'b1': 0, 'b2': 0, 'b3': 0, 'b-1': 46, 'b?': 0, 'a_rep': 'auggaauaauagaauaggac', 'b_rep': 'augggauaacaauauaggau', 'query_aligned': 'auggaauaauaga-auaggac', 'matched_aligned': '||||.||||.|-|-||||||.', 'target_aligned': 'augggauaaca-auauaggau'}
# locus 9
9	1283	847	0.51	[0.41, 0.62, 0.69, 0.82, 1.0]	[0.0, 0.0, 0.0, 0.0, 1.0]	gguucuauuuuguugguuuc	gaaaccaacaaaatagaacc	|.|.|||||..|||||.-||-	gauccuauuacguuggccuu-	gguucuauuuuguuggu-uuc	{'a0': 48, 'a1': 24, 'a2': 9, 'a3': 15, 'a-1': 21, 'a?': 0, 'b0': 0, 'b1': 0, 'b2': 0, 'b3': 0, 'b-1': 45, 'b?': 0, 'a_rep': 'gguucuauuuuguugguuuc', 'b_rep': 'gauccuauuacguuggccuu', 'query_aligned': 'gguucuauuuuguuggu-uuc', 'matched_aligned': '|.|.|||||..|||||.-||-', 'target_aligned': 'gauccuauuacguuggccuu-'}
9	1284	848	0.5	[0.43, 0.58, 0.72, 0.8, 1.0]	[0.0, 0.0, 0.0, 0.0, 1.0]	guucuauuuuguugguuucu	agaaaccaacaaaatagaac	.|.|||||..|||||.-|||-	auccuauuacguuggccuuc-	guucuauuuuguuggu-uucu	{'a0': 50, 'a1': 18, 'a2': 16, 'a3': 10, 'a-1': 23, 'a?': 0, 'b0': 0, 'b1': 0, 'b2': 0, 'b3': 0, 'b-1': 45, 'b?': 0, 'a_rep': 'guucuauuuuguugguuucu', 'b_rep': 'auccuauuacguuggccuuc', 'query_aligned': 'guucuauuuuguuggu-uucu', 'matched_aligned': '.|.|||||..|||||.-|||-', 'target_aligned': 'auccuauuacguuggccuuc-'}
9	1285	849	0.52	[0.44, 0.61, 0.73, 0.79, 1.0]	[0.0, 0.0, 0.0, 0.0, 1.0]	uucuauuuuguugguuucua	tagaaaccaacaaaatagaa	|.|||||..|||||.-|||.-	uccuauuacguuggccuucg-	uucuauuuuguuggu-uucua	{'a0': 51, 'a1': 20, 'a2': 14, 'a3': 7, 'a-1': 25, 'a?': 0, 'b0': 0, 'b1': 0, 'b2': 0, 'b3': 0, 'b-1': 45, 'b?': 0, 'a_rep': 'uucuauuuuguugguuucua', 'b_rep': 'uccuauuacguuggccuucg', 'query_aligned': 'uucuauuuuguuggu-uucua', 'matched_aligned': '|.|||||..|||||.-|||.-', 'target_aligned': 'uccuauuacguuggccuucg-'}
9	1286	850	0.52	[0.45, 0.59, 0.68, 0.77, 1.0]	[0.0, 0.0, 0.0, 0.0, 1.0]	ucuauuuuguugguuucuag	ctagaaaccaacaaaataga	.|||||..|||||.-|||.-|	ccuauuacguuggccuucg-g	ucuauuuuguuggu-uucuag	{'a0': 53, 'a1': 16, 'a2': 11, 'a3': 10, 'a-1': 27, 'a?': 0, 'b0': 0, 'b1': 0, 'b2': 0, 'b3': 0, 'b-1': 45, 'b?': 0, 'a_rep': 'ucuauuuuguugguuucuag', 'b_rep': 'ccuauuacguuggccuucgg', 'query_aligned': 'ucuauuuuguuggu-uucuag', 'matched_aligned': '.|||||..|||||.-|||.-|', 'target_aligned': 'ccuauuacguuggccuucg-g'}
9	1287	851	0.53	[0.45, 0.61, 0.67, 0.74, 1.0]	[0.0, 0.0, 0.0, 0.0, 1.0]	cuauuuuguugguuucuagg	cctagaaaccaacaaaatag	|||||..|||||.-|||.-||	cuauuacguuggccuucg-gg	cuauuuuguuggu-uucuagg	{'a0': 53, 'a1': 18, 'a2': 7, 'a3': 8, 'a-1': 31, 'a?': 0, 'b0': 0, 'b1': 0, 'b2': 0, 'b3': 0, 'b-1': 45, 'b?': 0, 'a_rep': 'cuauuuuguugguuucuagg', 'b_rep': 'cuauuacguuggccuucggg', 'query_aligned': 'cuauuuuguuggu-uucuagg', 'matched_aligned': '|||||..|||||.-|||.-||', 'target_aligned': 'cuauuacguuggccuucg-gg'}
9	1288	852	0.53	[0.5, 0.57, 0.7, 0.78, 1.0]	[0.0, 0.0, 0.0, 0.0, 1.0]	uauuuuguugguuucuagga	tcctagaaaccaacaaaata	||||..|||||.-|||.-|||	uauuacguuggccuucg-gga	uauuuuguuggu-uucuagga	{'a0': 58, 'a1': 8, 'a2': 15, 'a3': 9, 'a-1': 26, 'a?': 0, 'b0': 0, 'b1': 0, 'b2': 0, 'b3': 0, 'b-1': 45, 'b?': 0, 'a_rep': 'uauuuuguugguuucuagga', 'b_rep': 'uauuacguuggccuucggga', 'query_aligned': 'uauuuuguuggu-uucuagga', 'matched_aligned': '||||..|||||.-|||.-|||', 'target_aligned': 'uauuacguuggccuucg-gga'}
# locus 10
10	1317	877	0.51	[0.42, 0.6, 0.69, 0.81, 1.0]	[0.0, 0.0, 0.89, 0.96, 1.0]	guaaugauuaauagggauag	ctatccctattaatcattac	|||||||||||.|||||.||	guaaugauuaacagggacag	guaaugauuaauagggauag	{'a0': 49, 'a1': 22, 'a2': 11, 'a3': 13, 'a-1': 23, 'a?': 0, 'b0': 0, 'b1': 0, 'b2': 41, 'b3': 3, 'b-1': 2, 'b?': 0, 'a_rep': 'guaaugauuaauagggauag', 'b_rep': 'guaaugauuaacagggacag', 'query_aligned': 'guaaugauuaauagggauag', 'matched_aligned': '|||||||||||.|||||.||', 'target_aligned': 'guaaugauuaacagggacag'}
10	1318	878	0.51	[0.42, 0.6, 0.69, 0.8, 1.0]	[0.0, 0.0, 0.89, 0.93, 1.0]	uaaugauuaauagggauagu	actatccctattaatcatta	||||||||||.|||||.|||	uaaugauuaacagggacagu	uaaugauuaauagggauagu	{'a0': 49, 'a1': 22, 'a2': 11, 'a3': 12, 'a-1': 24, 'a?': 0, 'b0': 0, 'b1': 0, 'b2': 41, 'b3': 2, 'b-1': 3, 'b?': 0, 'a_rep': 'uaaugauuaauagggauagu', 'b_rep': 'uaaugauuaacagggacagu', 'query_aligned': 'uaaugauuaauagggauagu', 'matched_aligned': '||||||||||.|||||.|||', 'target_aligned': 'uaaugauuaacagggacagu'}
# locus 11
11	1437	993	0.55	[0.37, 0.73, 0.83, 0.86, 1.0]	[0.0, 0.0, 0.83, 0.91, 1.0]	caagaacgaaaguuagggga	tcccctaactttcgttcttg	||||||||||||||.||||.	caagaacgaaaguugggggc	caagaacgaaaguuagggga	{'a0': 44, 'a1': 42, 'a2': 12, 'a3': 4, 'a-1': 16, 'a?': 0, 'b0': 0, 'b1': 0, 'b2': 38, 'b3': 4, 'b-1': 4, 'b?': 0, 'a_rep': 'caagaacgaaaguuagggga', 'b_rep': 'caagaacgaaaguugggggc', 'query_aligned': 'caagaacgaaaguuagggga', 'matched_aligned': '||||||||||||||.||||.', 'target_aligned': 'caagaacgaaaguugggggc'}
11	1438	994	0.55	[0.37, 0.73, 0.83, 0.86, 1.0]	[0.0, 0.0, 0.83, 0.93, 1.0]	aagaacgaaaguuaggggau	atcccctaactttcgttctt	|||||||||||||.||||.|	aagaacgaaaguugggggcu	aagaacgaaaguuaggggau	{'a0': 44, 'a1': 42, 'a2': 12, 'a3': 4, 'a-1': 16, 'a?': 0, 'b0': 0, 'b1': 0, 'b2': 38, 'b3': 5, 'b-1': 3, 'b?': 0, 'a_rep': 'aagaacgaaaguuaggggau', 'b_rep': 'aagaacgaaaguugggggcu', 'query_aligned': 'aagaacgaaaguuaggggau', 'matched_aligned': '|||||||||||||.||||.|', 'target_aligned': 'aagaacgaaaguugggggcu'}
11	1439	995	0.55	[0.37, 0.73, 0.83, 0.86, 1.0]	[0.0, 0.0, 0.83, 0.91, 1.0]	agaacgaaaguuaggggauc	gatcccctaactttcgttct	||||||||||||.||||.||	agaacgaaaguugggggcuc	agaacgaaaguuaggggauc	{'a0': 44, 'a1': 42, 'a2': 12, 'a3': 3, 'a-1': 17, 'a?': 0, 'b0': 0, 'b1': 0, 'b2': 38, 'b3': 4, 'b-1': 4, 'b?': 0, 'a_rep': 'agaacgaaaguuaggggauc', 'b_rep': 'agaacgaaaguugggggcuc', 'query_aligned': 'agaacgaaaguuaggggauc', 'matched_aligned': '||||||||||||.||||.||', 'target_aligned': 'agaacgaaaguugggggcuc'}
11	1441	996	0.58	[0.47, 0.69, 0.82, 0.85, 1.0]	[0.0, 0.0, 0.8, 0.89, 1.0]	gaacgaaaguuaggggaucg	cgatcccctaactttcgttc	|||||||||||.||||.|||	gaacgaaaguugggggcucg	gaacgaaaguuaggggaucg	{'a0': 55, 'a1': 26, 'a2': 16, 'a3': 3, 'a-1': 18, 'a?': 0, 'b0': 0, 'b1': 0, 'b2': 37, 'b3': 4, 'b-1': 5, 'b?': 0, 'a_rep': 'gaacgaaaguuaggggaucg', 'b_rep': 'gaacgaaaguugggggcucg', 'query_aligned': 'gaacgaaaguuaggggaucg', 'matched_aligned': '|||||||||||.||||.|||', 'target_aligned': 'gaacgaaaguugggggcucg'}
11	1442	997	0.58	[0.47, 0.69, 0.82, 0.86, 1.0]	[0.0, 0.0, 0.8, 0.89, 1.0]	aacgaaaguuaggggaucga	tcgatcccctaactttcgtt	||||||||||.||||.||||	aacgaaaguugggggcucga	aacgaaaguuaggggaucga	{'a0': 55, 'a1': 26, 'a2': 16, 'a3': 4, 'a-1': 17, 'a?': 0, 'b0': 0, 'b1': 0, 'b2': 37, 'b3': 4, 'b-1': 5, 'b?': 0, 'a_rep': 'aacgaaaguuaggggaucga', 'b_rep': 'aacgaaaguugggggcucga', 'query_aligned': 'aacgaaaguuaggggaucga', 'matched_aligned': '||||||||||.||||.||||', 'target_aligned': 'aacgaaaguugggggcucga'}
11	1443	998	0.63	[0.5, 0.75, 0.83, 0.86, 1.0]	[0.0, 0.0, 0.8, 0.89, 1.0]	acgaaaguuaggggaucgaa	ttcgatcccctaactttcgt	|||||||||.||||.|||||	acgaaaguugggggcucgaa	acgaaaguuaggggaucgaa	{'a0': 59, 'a1': 30, 'a2': 9, 'a3': 4, 'a-1': 16, 'a?': 0, 'b0': 0, 'b1': 0, 'b2': 37, 'b3': 4, 'b-1': 5, 'b?': 0, 'a_rep': 'acgaaaguuaggggaucgaa', 'b_rep': 'acgaaaguugggggcucgaa', 'query_aligned': 'acgaaaguuaggggaucgaa', 'matched_aligned': '|||||||||.||||.|||||', 'target_aligned': 'acgaaaguugggggcucgaa'}
11	1444	999	0.57	[0.48, 0.65, 0.81, 0.85, 1.0]	[0.0, 0.0, 0.8, 0.89, 1.0]	cgaaaguuaggggaucgaag	cttcgatcccctaactttcg	||||||||.||||.||||||	cgaaaguugggggcucgaag	cgaaaguuaggggaucgaag	{'a0': 57, 'a1': 20, 'a2': 18, 'a3': 5, 'a-1': 18, 'a?': 0, 'b0': 0, 'b1': 0, 'b2': 37, 'b3': 4, 'b-1': 5, 'b?': 0, 'a_rep': 'cgaaaguuaggggaucgaag', 'b_rep': 'cgaaaguugggggcucgaag', 'query_aligned': 'cgaaaguuaggggaucgaag', 'matched_aligned': '||||||||.||||.||||||', 'target_aligned': 'cgaaaguugggggcucgaag'}
11	1445	1000	0.56	[0.47, 0.65, 0.81, 0.85, 1.0]	[0.0, 0.0, 0.87, 0.91, 1.0]	gaaaguuaggggaucgaaga	tcttcgatcccctaactttc	|||||||.||||.|||||||	gaaaguugggggcucgaaga	gaaaguuaggggaucgaaga	{'a0': 56, 'a1': 21, 'a2': 18, 'a3': 5, 'a-1': 18, 'a?': 0, 'b0': 0, 'b1': 0, 'b2': 40, 'b3': 2, 'b-1': 4, 'b?': 0, 'a_rep': 'gaaaguuaggggaucgaaga', 'b_rep': 'gaaaguugggggcucgaaga', 'query_aligned': 'gaaaguuaggggaucgaaga', 'matched_aligned': '|||||||.||||.|||||||', 'target_aligned': 'gaaaguugggggcucgaaga'}
# locus 12
12	1449	1004	0.53	[0.43, 0.63, 0.78, 0.86, 1.0]	[0.0, 0.0, 0.87, 0.87, 1.0]	guuaggggaucgaagacgau	atcgtcttcgatcccctaac	|||.||||.|||||||||||	guugggggcucgaagacgau	guuaggggaucgaagacgau	{'a0': 51, 'a1': 23, 'a2': 18, 'a3': 10, 'a-1': 16, 'a?': 0, 'b0': 0, 'b1': 0, 'b2': 40, 'b3': 0, 'b-1': 6, 'b?': 0, 'a_rep': 'guuaggggaucgaagacgau', 'b_rep': 'guugggggcucgaagacgau', 'query_aligned': 'guuaggggaucgaagacgau', 'matched_aligned': '|||.||||.|||||||||||', 'target_aligned': 'guugggggcucgaagacgau'}
# locus 13
13	1468	1023	0.51	[0.37, 0.66, 0.78, 0.85, 1.0]	[0.0, 0.02, 0.85, 0.91, 1.0]	ucagauaccgucguagucuu	aagactacgacggtatctga	||||||||||||.||||||.	ucagauaccguccuagucuc	ucagauaccgucguagucuu	{'a0': 44, 'a1': 34, 'a2': 14, 'a3': 8, 'a-1': 18, 'a?': 0, 'b0': 0, 'b1': 1, 'b2': 38, 'b3': 3, 'b-1': 4, 'b?': 0, 'a_rep': 'ucagauaccgucguagucuu', 'b_rep': 'ucagauaccguccuagucuc', 'query_aligned': 'ucagauaccgucguagucuu', 'matched_aligned': '||||||||||||.||||||.', 'target_aligned': 'ucagauaccguccuagucuc'}
13	1469	1024	0.5	[0.37, 0.65, 0.75, 0.84, 1.0]	[0.0, 0.02, 0.85, 0.93, 1.0]	cagauaccgucguagucuua	taagactacgacggtatctg	|||||||||||.||||||.|	cagauaccguccuagucuca	cagauaccgucguagucuua	{'a0': 44, 'a1': 33, 'a2': 12, 'a3': 10, 'a-1': 19, 'a?': 0, 'b0': 0, 'b1': 1, 'b2': 38, 'b3': 4, 'b-1': 3, 'b?': 0, 'a_rep': 'cagauaccgucguagucuua', 'b_rep': 'cagauaccguccuagucuca', 'query_aligned': 'cagauaccgucguagucuua', 'matched_aligned': '|||||||||||.||||||.|', 'target_aligned': 'cagauaccguccuagucuca'}
13	1470	1025	0.62	[0.52, 0.75, 0.8, 0.87, 1.0]	[0.0, 0.02, 0.89, 0.98, 1.0]	agauaccgucguagucuuaa	ttaagactacgacggtatct	||||||||||.||||||.||	agauaccguccuagucucaa	agauaccgucguagucuuaa	{'a0': 61, 'a1': 27, 'a2': 6, 'a3': 9, 'a-1': 15, 'a?': 0, 'b0': 0, 'b1': 1, 'b2': 40, 'b3': 4, 'b-1': 1, 'b?': 0, 'a_rep': 'agauaccgucguagucuuaa', 'b_rep': 'agauaccguccuagucucaa', 'query_aligned': 'agauaccgucguagucuuaa', 'matched_aligned': '||||||||||.||||||.||', 'target_aligned': 'agauaccguccuagucucaa'}
13	1471	1026	0.62	[0.52, 0.75, 0.8, 0.87, 1.0]	[0.0, 0.02, 0.89, 0.98, 1.0]	gauaccgucguagucuuaac	gttaagactacgacggtatc	|||||||||.||||||.|||	gauaccguccuagucucaac	gauaccgucguagucuuaac	{'a0': 61, 'a1': 27, 'a2': 6, 'a3': 9, 'a-1': 15, 'a?': 0, 'b0': 0, 'b1': 1, 'b2': 40, 'b3': 4, 'b-1': 1, 'b?': 0, 'a_rep': 'gauaccgucguagucuuaac', 'b_rep': 'gauaccguccuagucucaac', 'query_aligned': 'gauaccgucguagucuuaac', 'matched_aligned': '|||||||||.||||||.|||', 'target_aligned': 'gauaccguccuagucucaac'}
13	1472	1027	0.57	[0.5, 0.64, 0.78, 0.85, 1.0]	[0.0, 0.0, 0.89, 0.98, 1.0]	auaccgucguagucuuaacc	ggttaagactacgacggtat	||||||||.||||||.||||	auaccguccuagucucaacc	auaccgucguagucuuaacc	{'a0': 59, 'a1': 16, 'a2': 17, 'a3': 8, 'a-1': 18, 'a?': 0, 'b0': 0, 'b1': 0, 'b2': 41, 'b3': 4, 'b-1': 1, 'b?': 0, 'a_rep': 'auaccgucguagucuuaacc', 'b_rep': 'auaccguccuagucucaacc', 'query_aligned': 'auaccgucguagucuuaacc', 'matched_aligned': '||||||||.||||||.||||', 'target_aligned': 'auaccguccuagucucaacc'}
13	1473	1028	0.56	[0.49, 0.63, 0.68, 0.82, 1.0]	[0.0, 0.0, 0.89, 0.96, 1.0]	uaccgucguagucuuaacca	tggttaagactacgacggta	|||||||.||||||.|||||	uaccguccuagucucaacca	uaccgucguagucuuaacca	{'a0': 58, 'a1': 16, 'a2': 6, 'a3': 17, 'a-1': 21, 'a?': 0, 'b0': 0, 'b1': 0, 'b2': 41, 'b3': 3, 'b-1': 2, 'b?': 0, 'a_rep': 'uaccgucguagucuuaacca', 'b_rep': 'uaccguccuagucucaacca', 'query_aligned': 'uaccgucguagucuuaacca', 'matched_aligned': '|||||||.||||||.|||||', 'target_aligned': 'uaccguccuagucucaacca'}
13	1474	1029	0.56	[0.48, 0.63, 0.68, 0.86, 1.0]	[0.0, 0.0, 0.89, 0.91, 1.0]	accgucguagucuuaaccau	atggttaagactacgacggt	||||||.||||||.||||||	accguccuagucucaaccau	accgucguagucuuaaccau	{'a0': 57, 'a1': 17, 'a2': 6, 'a3': 21, 'a-1': 17, 'a?': 0, 'b0': 0, 'b1': 0, 'b2': 41, 'b3': 1, 'b-1': 4, 'b?': 0, 'a_rep': 'accgucguagucuuaaccau', 'b_rep': 'accguccuagucucaaccau', 'query_aligned': 'accgucguagucuuaaccau', 'matched_aligned': '||||||.||||||.||||||', 'target_aligned': 'accguccuagucucaaccau'}
13	1475	1030	0.56	[0.48, 0.63, 0.7, 0.86, 1.0]	[0.0, 0.0, 0.87, 0.91, 1.0]	ccgucguagucuuaaccaua	tatggttaagactacgacgg	|||||.||||||.|||||||	ccguccuagucucaaccaua	ccgucguagucuuaaccaua	{'a0': 57, 'a1': 17, 'a2': 9, 'a3': 18, 'a-1': 17, 'a?': 0, 'b0': 0, 'b1': 0, 'b2': 40, 'b3': 2, 'b-1': 4, 'b?': 0, 'a_rep': 'ccgucguagucuuaaccaua', 'b_rep': 'ccguccuagucucaaccaua', 'query_aligned': 'ccgucguagucuuaaccaua', 'matched_aligned': '|||||.||||||.|||||||', 'target_aligned': 'ccguccuagucucaaccaua'}
13	1476	1031	0.57	[0.48, 0.65, 0.71, 0.86, 1.0]	[0.0, 0.0, 0.87, 0.91, 1.0]	cgucguagucuuaaccauaa	ttatggttaagactacgacg	||||.||||||.||||||||	cguccuagucucaaccauaa	cgucguagucuuaaccauaa	{'a0': 57, 'a1': 20, 'a2': 7, 'a3': 18, 'a-1': 16, 'a?': 0, 'b0': 0, 'b1': 0, 'b2': 40, 'b3': 2, 'b-1': 4, 'b?': 0, 'a_rep': 'cgucguagucuuaaccauaa', 'b_rep': 'cguccuagucucaaccauaa', 'query_aligned': 'cgucguagucuuaaccauaa', 'matched_aligned': '||||.||||||.||||||||', 'target_aligned': 'cguccuagucucaaccauaa'}
13	1477	1032	0.57	[0.48, 0.65, 0.72, 0.87, 1.0]	[0.0, 0.0, 0.89, 0.91, 1.0]	gucguagucuuaaccauaaa	tttatggttaagactacgac	|||.||||||.|||||||||	guccuagucucaaccauaaa	gucguagucuuaaccauaaa	{'a0': 57, 'a1': 20, 'a2': 8, 'a3': 18, 'a-1': 15, 'a?': 0, 'b0': 0, 'b1': 0, 'b2': 41, 'b3': 1, 'b-1': 4, 'b?': 0, 'a_rep': 'gucguagucuuaaccauaaa', 'b_rep': 'guccuagucucaaccauaaa', 'query_aligned': 'gucguagucuuaaccauaaa', 'matched_aligned': '|||.||||||.|||||||||', 'target_aligned': 'guccuagucucaaccauaaa'}
13	1478	1033	0.59	[0.51, 0.67, 0.76, 0.87, 1.0]	[0.0, 0.0, 0.85, 0.93, 1.0]	ucguagucuuaaccauaaac	gtttatggttaagactacga	||.||||||.||||||||||	uccuagucucaaccauaaac	ucguagucuuaaccauaaac	{'a0': 60, 'a1': 19, 'a2': 11, 'a3': 13, 'a-1': 15, 'a?': 0, 'b0': 0, 'b1': 0, 'b2': 39, 'b3': 4, 'b-1': 3, 'b?': 0, 'a_rep': 'ucguagucuuaaccauaaac', 'b_rep': 'uccuagucucaaccauaaac', 'query_aligned': 'ucguagucuuaaccauaaac', 'matched_aligned': '||.||||||.||||||||||', 'target_aligned': 'uccuagucucaaccauaaac'}
13	1479	1034	0.53	[0.42, 0.64, 0.75, 0.86, 1.0]	[0.0, 0.0, 0.0, 0.85, 1.0]	cguagucuuaaccauaaacu	agtttatggttaagactacg	|.||||||.||||||||||.	ccuagucucaaccauaaacg	cguagucuuaaccauaaacu	{'a0': 50, 'a1': 25, 'a2': 14, 'a3': 13, 'a-1': 16, 'a?': 0, 'b0': 0, 'b1': 0, 'b2': 0, 'b3': 39, 'b-1': 7, 'b?': 0, 'a_rep': 'cguagucuuaaccauaaacu', 'b_rep': 'ccuagucucaaccauaaacg', 'query_aligned': 'cguagucuuaaccauaaacu', 'matched_aligned': '|.||||||.||||||||||.', 'target_aligned': 'ccuagucucaaccauaaacg'}
13	1480	1035	0.56	[0.44, 0.68, 0.85, 0.9, 1.0]	[0.0, 0.0, 0.0, 0.85, 1.0]	guagucuuaaccauaaacua	tagtttatggttaagactac	.||||||.||||||||||.|	cuagucucaaccauaaacga	guagucuuaaccauaaacua	{'a0': 52, 'a1': 28, 'a2': 20, 'a3': 6, 'a-1': 12, 'a?': 0, 'b0': 0, 'b1': 0, 'b2': 0, 'b3': 39, 'b-1': 7, 'b?': 0, 'a_rep': 'guagucuuaaccauaaacua', 'b_rep': 'cuagucucaaccauaaacga', 'query_aligned': 'guagucuuaaccauaaacua', 'matched_aligned': '.||||||.||||||||||.|', 'target_aligned': 'cuagucucaaccauaaacga'}
13	1481	1036	0.56	[0.43, 0.68, 0.85, 0.9, 1.0]	[0.0, 0.0, 0.85, 0.93, 1.0]	uagucuuaaccauaaacuau	atagtttatggttaagacta	||||||.||||||||||.||	uagucucaaccauaaacgau	uagucuuaaccauaaacuau	{'a0': 51, 'a1': 29, 'a2': 20, 'a3': 6, 'a-1': 12, 'a?': 0, 'b0': 0, 'b1': 0, 'b2': 39, 'b3': 4, 'b-1': 3, 'b?': 0, 'a_rep': 'uagucuuaaccauaaacuau', 'b_rep': 'uagucucaaccauaaacgau', 'query_aligned': 'uagucuuaaccauaaacuau', 'matched_aligned': '||||||.||||||||||.||', 'target_aligned': 'uagucucaaccauaaacgau'}
13	1482	1037	0.55	[0.43, 0.67, 0.85, 0.9, 1.0]	[0.0, 0.0, 0.87, 0.93, 1.0]	agucuuaaccauaaacuaug	catagtttatggttaagact	|||||.||||||||||.|||	agucucaaccauaaacgaug	agucuuaaccauaaacuaug	{'a0': 51, 'a1': 28, 'a2': 21, 'a3': 6, 'a-1': 12, 'a?': 0, 'b0': 0, 'b1': 0, 'b2': 40, 'b3': 3, 'b-1': 3, 'b?': 0, 'a_rep': 'agucuuaaccauaaacuaug', 'b_rep': 'agucucaaccauaaacgaug', 'query_aligned': 'agucuuaaccauaaacuaug', 'matched_aligned': '|||||.||||||||||.|||', 'target_aligned': 'agucucaaccauaaacgaug'}
13	1483	1038	0.55	[0.43, 0.67, 0.85, 0.9, 1.0]	[0.0, 0.0, 0.8, 0.96, 1.0]	gucuuaaccauaaacuaugc	gcatagtttatggttaagac	||||.||||||||||.||||	gucucaaccauaaacgaugc	gucuuaaccauaaacuaugc	{'a0': 51, 'a1': 28, 'a2': 21, 'a3': 6, 'a-1': 12, 'a?': 0, 'b0': 0, 'b1': 0, 'b2': 37, 'b3': 7, 'b-1': 2, 'b?': 0, 'a_rep': 'gucuuaaccauaaacuaugc', 'b_rep': 'gucucaaccauaaacgaugc', 'query_aligned': 'gucuuaaccauaaacuaugc', 'matched_aligned': '||||.||||||||||.||||', 'target_aligned': 'gucucaaccauaaacgaugc'}
13	1484	1039	0.56	[0.43, 0.68, 0.84, 0.9, 1.0]	[0.0, 0.0, 0.8, 0.93, 1.0]	ucuuaaccauaaacuaugcc	ggcatagtttatggttaaga	|||.||||||||||.|||||	ucucaaccauaaacgaugcc	ucuuaaccauaaacuaugcc	{'a0': 51, 'a1': 29, 'a2': 19, 'a3': 7, 'a-1': 12, 'a?': 0, 'b0': 0, 'b1': 0, 'b2': 37, 'b3': 6, 'b-1': 3, 'b?': 0, 'a_rep': 'ucuuaaccauaaacuaugcc', 'b_rep': 'ucucaaccauaaacgaugcc', 'query_aligned': 'ucuuaaccauaaacuaugcc', 'matched_aligned': '|||.||||||||||.|||||', 'target_aligned': 'ucucaaccauaaacgaugcc'}
13	1485	1040	0.53	[0.44, 0.62, 0.84, 0.89, 1.0]	[0.0, 0.0, 0.8, 0.91, 1.0]	cuuaaccauaaacuaugccg	cggcatagtttatggttaag	||.||||||||||.||||||	cucaaccauaaacgaugccg	cuuaaccauaaacuaugccg	{'a0': 52, 'a1': 21, 'a2': 26, 'a3': 6, 'a-1': 13, 'a?': 0, 'b0': 0, 'b1': 0, 'b2': 37, 'b3': 5, 'b-1': 4, 'b?': 0, 'a_rep': 'cuuaaccauaaacuaugccg', 'b_rep': 'cucaaccauaaacgaugccg', 'query_aligned': 'cuuaaccauaaacuaugccg', 'matched_aligned': '||.||||||||||.||||||', 'target_aligned': 'cucaaccauaaacgaugccg'}
13	1486	1041	0.53	[0.44, 0.61, 0.84, 0.88, 1.0]	[0.0, 0.0, 0.8, 0.91, 1.0]	uuaaccauaaacuaugccga	tcggcatagtttatggttaa	|.||||||||||.|||||||	ucaaccauaaacgaugccga	uuaaccauaaacuaugccga	{'a0': 52, 'a1': 20, 'a2': 27, 'a3': 5, 'a-1': 14, 'a?': 0, 'b0': 0, 'b1': 0, 'b2': 37, 'b3': 5, 'b-1': 4, 'b?': 0, 'a_rep': 'uuaaccauaaacuaugccga', 'b_rep': 'ucaaccauaaacgaugccga', 'query_aligned': 'uuaaccauaaacuaugccga', 'matched_aligned': '|.||||||||||.|||||||', 'target_aligned': 'ucaaccauaaacgaugccga'}
13	1487	1042	0.54	[0.44, 0.64, 0.86, 0.89, 1.0]	[0.0, 0.0, 0.8, 0.91, 1.0]	uaaccauaaacuaugccgac	gtcggcatagtttatggtta	.||||||||||.||||||||	caaccauaaacgaugccgac	uaaccauaaacuaugccgac	{'a0': 52, 'a1': 24, 'a2': 26, 'a3': 3, 'a-1': 13, 'a?': 0, 'b0': 0, 'b1': 0, 'b2': 37, 'b3': 5, 'b-1': 4, 'b?': 0, 'a_rep': 'uaaccauaaacuaugccgac', 'b_rep': 'caaccauaaacgaugccgac', 'query_aligned': 'uaaccauaaacuaugccgac', 'matched_aligned': '.||||||||||.||||||||', 'target_aligned': 'caaccauaaacgaugccgac'}
13	1488	1043	0.56	[0.47, 0.64, 0.86, 0.89, 1.0]	[0.0, 0.0, 0.83, 0.91, 1.0]	aaccauaaacuaugccgacu	agtcggcatagtttatggtt	||||||||||.||||||||.	aaccauaaacgaugccgacc	aaccauaaacuaugccgacu	{'a0': 56, 'a1': 20, 'a2': 26, 'a3': 3, 'a-1': 13, 'a?': 0, 'b0': 0, 'b1': 0, 'b2': 38, 'b3': 4, 'b-1': 4, 'b?': 0, 'a_rep': 'aaccauaaacuaugccgacu', 'b_rep': 'aaccauaaacgaugccgacc', 'query_aligned': 'aaccauaaacuaugccgacu', 'matched_aligned': '||||||||||.||||||||.', 'target_aligned': 'aaccauaaacgaugccgacc'}
13	1489	1044	0.55	[0.47, 0.64, 0.85, 0.9, 1.0]	[0.0, 0.0, 0.83, 0.93, 1.0]	accauaaacuaugccgacua	tagtcggcatagtttatggt	|||||||||.||||||||.|	accauaaacgaugccgacca	accauaaacuaugccgacua	{'a0': 55, 'a1': 20, 'a2': 25, 'a3': 6, 'a-1': 12, 'a?': 0, 'b0': 0, 'b1': 0, 'b2': 38, 'b3': 5, 'b-1': 3, 'b?': 0, 'a_rep': 'accauaaacuaugccgacua', 'b_rep': 'accauaaacgaugccgacca', 'query_aligned': 'accauaaacuaugccgacua', 'matched_aligned': '|||||||||.||||||||.|', 'target_aligned': 'accauaaacgaugccgacca'}
13	1491	1045	0.54	[0.47, 0.62, 0.85, 0.91, 1.0]	[0.0, 0.0, 0.83, 0.93, 1.0]	ccauaaacuaugccgacuag	ctagtcggcatagtttatgg	||||||||.||||||||.||	ccauaaacgaugccgaccag	ccauaaacuaugccgacuag	{'a0': 55, 'a1': 18, 'a2': 27, 'a3': 7, 'a-1': 11, 'a?': 0, 'b0': 0, 'b1': 0, 'b2': 38, 'b3': 5, 'b-1': 3, 'b?': 0, 'a_rep': 'ccauaaacuaugccgacuag', 'b_rep': 'ccauaaacgaugccgaccag', 'query_aligned': 'ccauaaacuaugccgacuag', 'matched_aligned': '||||||||.||||||||.||', 'target_aligned': 'ccauaaacgaugccgaccag'}
13	1492	1046	0.54	[0.47, 0.61, 0.85, 0.91, 1.0]	[0.0, 0.0, 0.83, 0.93, 1.0]	cauaaacuaugccgacuagg	cctagtcggcatagtttatg	|||||||.||||||||.|||	cauaaacgaugccgaccagg	cauaaacuaugccgacuagg	{'a0': 55, 'a1': 17, 'a2': 28, 'a3': 7, 'a-1': 11, 'a?': 0, 'b0': 0, 'b1': 0, 'b2': 38, 'b3': 5, 'b-1': 3, 'b?': 0, 'a_rep': 'cauaaacuaugccgacuagg', 'b_rep': 'cauaaacgaugccgaccagg', 'query_aligned': 'cauaaacuaugccgacuagg', 'matched_aligned': '|||||||.||||||||.|||', 'target_aligned': 'cauaaacgaugccgaccagg'}
13	1493	1047	0.58	[0.43, 0.73, 0.86, 0.92, 1.0]	[0.0, 0.0, 0.8, 0.93, 1.0]	auaaacuaugccgacuaggg	ccctagtcggcatagtttat	||||||.||||||||.||||	auaaacgaugccgaccaggg	auaaacuaugccgacuaggg	{'a0': 51, 'a1': 35, 'a2': 16, 'a3': 6, 'a-1': 10, 'a?': 0, 'b0': 0, 'b1': 0, 'b2': 37, 'b3': 6, 'b-1': 3, 'b?': 0, 'a_rep': 'auaaacuaugccgacuaggg', 'b_rep': 'auaaacgaugccgaccaggg', 'query_aligned': 'auaaacuaugccgacuaggg', 'matched_aligned': '||||||.||||||||.||||', 'target_aligned': 'auaaacgaugccgaccaggg'}
13	1494	1048	0.65	[0.53, 0.77, 0.88, 0.92, 1.0]	[0.0, 0.0, 0.83, 0.93, 1.0]	uaaacuaugccgacuaggga	tccctagtcggcatagttta	|||||.||||||||.|||||	uaaacgaugccgaccaggga	uaaacuaugccgacuaggga	{'a0': 63, 'a1': 28, 'a2': 13, 'a3': 4, 'a-1': 10, 'a?': 0, 'b0': 0, 'b1': 0, 'b2': 38, 'b3': 5, 'b-1': 3, 'b?': 0, 'a_rep': 'uaaacuaugccgacuaggga', 'b_rep': 'uaaacgaugccgaccaggga', 'query_aligned': 'uaaacuaugccgacuaggga', 'matched_aligned': '|||||.||||||||.|||||', 'target_aligned': 'uaaacgaugccgaccaggga'}
13	1496	1049	0.66	[0.53, 0.78, 0.88, 0.92, 1.0]	[0.0, 0.0, 0.85, 0.96, 1.0]	aaacuaugccgacuagggau	atccctagtcggcatagttt	||||.||||||||.||||||	aaacgaugccgaccagggau	aaacuaugccgacuagggau	{'a0': 63, 'a1': 29, 'a2': 12, 'a3': 5, 'a-1': 9, 'a?': 0, 'b0': 0, 'b1': 0, 'b2': 39, 'b3': 5, 'b-1': 2, 'b?': 0, 'a_rep': 'aaacuaugccgacuagggau', 'b_rep': 'aaacgaugccgaccagggau', 'query_aligned': 'aaacuaugccgacuagggau', 'matched_aligned': '||||.||||||||.||||||', 'target_aligned': 'aaacgaugccgaccagggau'}
13	1497	1050	0.6	[0.52, 0.68, 0.85, 0.92, 1.0]	[0.0, 0.0, 0.78, 0.96, 1.0]	aacuaugccgacuagggauc	gatccctagtcggcatagtt	|||.||||||||.|||||||	aacgaugccgaccagggauc	aacuaugccgacuagggauc	{'a0': 61, 'a1': 19, 'a2': 20, 'a3': 8, 'a-1': 10, 'a?': 0, 'b0': 0, 'b1': 0, 'b2': 36, 'b3': 8, 'b-1': 2, 'b?': 0, 'a_rep': 'aacuaugccgacuagggauc', 'b_rep': 'aacgaugccgaccagggauc', 'query_aligned': 'aacuaugccgacuagggauc', 'matched_aligned': '|||.||||||||.|||||||', 'target_aligned': 'aacgaugccgaccagggauc'}
13	1498	1051	0.55	[0.47, 0.63, 0.83, 0.89, 1.0]	[0.0, 0.0, 0.76, 0.96, 1.0]	acuaugccgacuagggaucg	cgatccctagtcggcatagt	||.||||||||.||||||||	acgaugccgaccagggaucg	acuaugccgacuagggaucg	{'a0': 56, 'a1': 18, 'a2': 24, 'a3': 7, 'a-1': 13, 'a?': 0, 'b0': 0, 'b1': 0, 'b2': 35, 'b3': 9, 'b-1': 2, 'b?': 0, 'a_rep': 'acuaugccgacuagggaucg', 'b_rep': 'acgaugccgaccagggaucg', 'query_aligned': 'acuaugccgacuagggaucg', 'matched_aligned': '||.||||||||.||||||||', 'target_aligned': 'acgaugccgaccagggaucg'}
13	1499	1052	0.55	[0.47, 0.63, 0.81, 0.87, 1.0]	[0.0, 0.0, 0.76, 0.91, 1.0]	cuaugccgacuagggaucgg	ccgatccctagtcggcatag	|.||||||||.|||||||||	cgaugccgaccagggaucgg	cuaugccgacuagggaucgg	{'a0': 56, 'a1': 18, 'a2': 22, 'a3': 7, 'a-1': 15, 'a?': 0, 'b0': 0, 'b1': 0, 'b2': 35, 'b3': 7, 'b-1': 4, 'b?': 0, 'a_rep': 'cuaugccgacuagggaucgg', 'b_rep': 'cgaugccgaccagggaucgg', 'query_aligned': 'cuaugccgacuagggaucgg', 'matched_aligned': '|.||||||||.|||||||||', 'target_aligned': 'cgaugccgaccagggaucgg'}
# locus 14
14	1831	1340	0.68	[0.52, 0.87, 0.9, 0.91, 1.0]	[0.0, 0.02, 0.8, 0.8, 1.0]	ccgauaacgaacgagaccuu	aaggtctcgttcgttatcgg	|||.|||||||||||||||.	ccguuaacgaacgagaccuc	ccgauaacgaacgagaccuu	{'a0': 61, 'a1': 42, 'a2': 3, 'a3': 1, 'a-1': 11, 'a?': 0, 'b0': 0, 'b1': 1, 'b2': 36, 'b3': 0, 'b-1': 9, 'b?': 0, 'a_rep': 'ccgauaacgaacgagaccuu', 'b_rep': 'ccguuaacgaacgagaccuc', 'query_aligned': 'ccgauaacgaacgagaccuu', 'matched_aligned': '|||.|||||||||||||||.', 'target_aligned': 'ccguuaacgaacgagaccuc'}
14	1832	1341	0.67	[0.5, 0.86, 0.91, 0.91, 1.0]	[0.0, 0.02, 0.78, 0.8, 1.0]	cgauaacgaacgagaccuua	taaggtctcgttcgttatcg	||.|||||||||||||||.|	cguuaacgaacgagaccuca	cgauaacgaacgagaccuua	{'a0': 59, 'a1': 43, 'a2': 5, 'a3': 0, 'a-1': 11, 'a?': 0, 'b0': 0, 'b1': 1, 'b2': 35, 'b3': 1, 'b-1': 9, 'b?': 0, 'a_rep': 'cgauaacgaacgagaccuua', 'b_rep': 'cguuaacgaacgagaccuca', 'query_aligned': 'cgauaacgaacgagaccuua', 'matched_aligned': '||.|||||||||||||||.|', 'target_aligned': 'cguuaacgaacgagaccuca'}
14	1833	1342	0.62	[0.46, 0.79, 0.87, 0.91, 1.0]	[0.0, 0.0, 0.02, 0.78, 1.0]	gauaacgaacgagaccuuaa	ttaaggtctcgttcgttatc	|.|||||||||||||||.|.	guuaacgaacgagaccucag	gauaacgaacgagaccuuaa	{'a0': 54, 'a1': 39, 'a2': 10, 'a3': 4, 'a-1': 11, 'a?': 0, 'b0': 0, 'b1': 0, 'b2': 1, 'b3': 35, 'b-1': 10, 'b?': 0, 'a_rep': 'gauaacgaacgagaccuuaa', 'b_rep': 'guuaacgaacgagaccucag', 'query_aligned': 'gauaacgaacgagaccuuaa', 'matched_aligned': '|.|||||||||||||||.|.', 'target_aligned': 'guuaacgaacgagaccucag'}
14	1834	1343	0.57	[0.46, 0.69, 0.83, 0.91, 1.0]	[0.0, 0.0, 0.02, 0.8, 1.0]	auaacgaacgagaccuuaac	gttaaggtctcgttcgttat	.|||||||||||||||.|.|	uuaacgaacgagaccucagc	auaacgaacgagaccuuaac	{'a0': 54, 'a1': 27, 'a2': 17, 'a3': 9, 'a-1': 11, 'a?': 0, 'b0': 0, 'b1': 0, 'b2': 1, 'b3': 36, 'b-1': 9, 'b?': 0, 'a_rep': 'auaacgaacgagaccuuaac', 'b_rep': 'uuaacgaacgagaccucagc', 'query_aligned': 'auaacgaacgagaccuuaac', 'matched_aligned': '.|||||||||||||||.|.|', 'target_aligned': 'uuaacgaacgagaccucagc'}
14	1835	1344	0.65	[0.63, 0.68, 0.82, 0.91, 1.0]	[0.0, 0.0, 0.8, 0.83, 1.0]	uaacgaacgagaccuuaacc	ggttaaggtctcgttcgtta	|||||||||||||||.|.||	uaacgaacgagaccucagcc	uaacgaacgagaccuuaacc	{'a0': 74, 'a1': 6, 'a2': 17, 'a3': 10, 'a-1': 11, 'a?': 0, 'b0': 0, 'b1': 0, 'b2': 37, 'b3': 1, 'b-1': 8, 'b?': 0, 'a_rep': 'uaacgaacgagaccuuaacc', 'b_rep': 'uaacgaacgagaccucagcc', 'query_aligned': 'uaacgaacgagaccuuaacc', 'matched_aligned': '|||||||||||||||.|.||', 'target_aligned': 'uaacgaacgagaccucagcc'}
14	1836	1345	0.65	[0.63, 0.68, 0.82, 0.88, 1.0]	[0.0, 0.0, 0.8, 0.83, 1.0]	aacgaacgagaccuuaaccu	aggttaaggtctcgttcgtt	||||||||||||||.|.|||	aacgaacgagaccucagccu	aacgaacgagaccuuaaccu	{'a0': 74, 'a1': 6, 'a2': 17, 'a3': 7, 'a-1': 14, 'a?': 0, 'b0': 0, 'b1': 0, 'b2': 37, 'b3': 1, 'b-1': 8, 'b?': 0, 'a_rep': 'aacgaacgagaccuuaaccu', 'b_rep': 'aacgaacgagaccucagccu', 'query_aligned': 'aacgaacgagaccuuaaccu', 'matched_aligned': '||||||||||||||.|.|||', 'target_aligned': 'aacgaacgagaccucagccu'}
14	1837	1346	0.64	[0.59, 0.68, 0.78, 0.86, 1.0]	[0.0, 0.0, 0.8, 0.83, 1.0]	acgaacgagaccuuaaccug	caggttaaggtctcgttcgt	|||||||||||||.|.||||	acgaacgagaccucagccug	acgaacgagaccuuaaccug	{'a0': 70, 'a1': 10, 'a2': 12, 'a3': 9, 'a-1': 17, 'a?': 0, 'b0': 0, 'b1': 0, 'b2': 37, 'b3': 1, 'b-1': 8, 'b?': 0, 'a_rep': 'acgaacgagaccuuaaccug', 'b_rep': 'acgaacgagaccucagccug', 'query_aligned': 'acgaacgagaccuuaaccug', 'matched_aligned': '|||||||||||||.|.||||', 'target_aligned': 'acgaacgagaccucagccug'}
14	1838	1347	0.63	[0.59, 0.67, 0.76, 0.84, 1.0]	[0.0, 0.0, 0.78, 0.83, 1.0]	cgaacgagaccuuaaccugc	gcaggttaaggtctcgttcg	||||||||||||.|.|||||	cgaacgagaccucagccugc	cgaacgagaccuuaaccugc	{'a0': 70, 'a1': 9, 'a2': 11, 'a3': 9, 'a-1': 19, 'a?': 0, 'b0': 0, 'b1': 0, 'b2': 36, 'b3': 2, 'b-1': 8, 'b?': 0, 'a_rep': 'cgaacgagaccuuaaccugc', 'b_rep': 'cgaacgagaccucagccugc', 'query_aligned': 'cgaacgagaccuuaaccugc', 'matched_aligned': '||||||||||||.|.|||||', 'target_aligned': 'cgaacgagaccucagccugc'}
14	1839	1348	0.63	[0.58, 0.67, 0.75, 0.84, 1.0]	[0.0, 0.0, 0.78, 0.83, 1.0]	gaacgagaccuuaaccugcu	agcaggttaaggtctcgttc	|||||||||||.|.||||||	gaacgagaccucagccugcu	gaacgagaccuuaaccugcu	{'a0': 69, 'a1': 10, 'a2': 10, 'a3': 10, 'a-1': 19, 'a?': 0, 'b0': 0, 'b1': 0, 'b2': 36, 'b3': 2, 'b-1': 8, 'b?': 0, 'a_rep': 'gaacgagaccuuaaccugcu', 'b_rep': 'gaacgagaccucagccugcu', 'query_aligned': 'gaacgagaccuuaaccugcu', 'matched_aligned': '|||||||||||.|.||||||', 'target_aligned': 'gaacgagaccucagccugcu'}
14	1840	1349	0.63	[0.58, 0.67, 0.75, 0.81, 1.0]	[0.0, 0.0, 0.78, 0.83, 1.0]	aacgagaccuuaaccugcua	tagcaggttaaggtctcgtt	||||||||||.|.|||||||	aacgagaccucagccugcua	aacgagaccuuaaccugcua	{'a0': 69, 'a1': 10, 'a2': 10, 'a3': 6, 'a-1': 23, 'a?': 0, 'b0': 0, 'b1': 0, 'b2': 36, 'b3': 2, 'b-1': 8, 'b?': 0, 'a_rep': 'aacgagaccuuaaccugcua', 'b_rep': 'aacgagaccucagccugcua', 'query_aligned': 'aacgagaccuuaaccugcua', 'matched_aligned': '||||||||||.|.|||||||', 'target_aligned': 'aacgagaccucagccugcua'}
14	1841	1350	0.63	[0.58, 0.67, 0.75, 0.81, 1.0]	[0.0, 0.0, 0.78, 0.83, 1.0]	acgagaccuuaaccugcuaa	ttagcaggttaaggtctcgt	|||||||||.|.||||||||	acgagaccucagccugcuaa	acgagaccuuaaccugcuaa	{'a0': 69, 'a1': 10, 'a2': 10, 'a3': 6, 'a-1': 23, 'a?': 0, 'b0': 0, 'b1': 0, 'b2': 36, 'b3': 2, 'b-1': 8, 'b?': 0, 'a_rep': 'acgagaccuuaaccugcuaa', 'b_rep': 'acgagaccucagccugcuaa', 'query_aligned': 'acgagaccuuaaccugcuaa', 'matched_aligned': '|||||||||.|.||||||||', 'target_aligned': 'acgagaccucagccugcuaa'}
14	1842	1351	0.59	[0.53, 0.65, 0.71, 0.79, 1.0]	[0.0, 0.0, 0.0, 0.78, 1.0]	cgagaccuuaaccugcuaaa	tttagcaggttaaggtctcg	||||||||.|.||||||||.	cgagaccucagccugcuaac	cgagaccuuaaccugcuaaa	{'a0': 63, 'a1': 14, 'a2': 7, 'a3': 9, 'a-1': 25, 'a?': 0, 'b0': 0, 'b1': 0, 'b2': 0, 'b3': 36, 'b-1': 10, 'b?': 0, 'a_rep': 'cgagaccuuaaccugcuaaa', 'b_rep': 'cgagaccucagccugcuaac', 'query_aligned': 'cgagaccuuaaccugcuaaa', 'matched_aligned': '||||||||.|.||||||||.', 'target_aligned': 'cgagaccucagccugcuaac'}
14	1843	1352	0.6	[0.53, 0.66, 0.71, 0.79, 1.0]	[0.0, 0.0, 0.0, 0.78, 1.0]	gagaccuuaaccugcuaaau	atttagcaggttaaggtctc	|||||||.|.||||||||.|	gagaccucagccugcuaacu	gagaccuuaaccugcuaaau	{'a0': 63, 'a1': 15, 'a2': 6, 'a3': 9, 'a-1': 25, 'a?': 0, 'b0': 0, 'b1': 0, 'b2': 0, 'b3': 36, 'b-1': 10, 'b?': 0, 'a_rep': 'gagaccuuaaccugcuaaau', 'b_rep': 'gagaccucagccugcuaacu', 'query_aligned': 'gagaccuuaaccugcuaaau', 'matched_aligned': '|||||||.|.||||||||.|', 'target_aligned': 'gagaccucagccugcuaacu'}
14	1853	1353	0.6	[0.54, 0.66, 0.71, 0.79, 1.0]	[0.0, 0.0, 0.0, 0.8, 1.0]	agaccuuaaccugcuaaaua	tatttagcaggttaaggtct	||||||.|.||||||||.||	agaccucagccugcuaacua	agaccuuaaccugcuaaaua	{'a0': 63, 'a1': 14, 'a2': 6, 'a3': 9, 'a-1': 25, 'a?': 0, 'b0': 0, 'b1': 0, 'b2': 0, 'b3': 37, 'b-1': 9, 'b?': 0, 'a_rep': 'agaccuuaaccugcuaaaua', 'b_rep': 'agaccucagccugcuaacua', 'query_aligned': 'agaccuuaaccugcuaaaua', 'matched_aligned': '||||||.|.||||||||.||', 'target_aligned': 'agaccucagccugcuaacua'}
14	1854	1354	0.6	[0.55, 0.66, 0.71, 0.77, 1.0]	[0.0, 0.0, 0.0, 0.8, 1.0]	gaccuuaaccugcuaaauag	ctatttagcaggttaaggtc	|||||.|.||||||||.|||	gaccucagccugcuaacuag	gaccuuaaccugcuaaauag	{'a0': 64, 'a1': 13, 'a2': 6, 'a3': 7, 'a-1': 27, 'a?': 0, 'b0': 0, 'b1': 0, 'b2': 0, 'b3': 37, 'b-1': 9, 'b?': 0, 'a_rep': 'gaccuuaaccugcuaaauag', 'b_rep': 'gaccucagccugcuaacuag', 'query_aligned': 'gaccuuaaccugcuaaauag', 'matched_aligned': '|||||.|.||||||||.|||', 'target_aligned': 'gaccucagccugcuaacuag'}
# locus 15
15	2434	1664	0.52	[0.84, 0.98, 1.0, 1.0, 1.0]	[0.0, 0.78, 0.82, 0.87, 1.0]	guacacaccgcccgucgcua	tagcgacgggcggtgtgtac	|||||||||||||||||||.	guacacaccgcccgucgcuc	guacacaccgcccgucgcua	{'a0': 88, 'a1': 15, 'a2': 2, 'a3': 0, 'a-1': 0, 'a?': 0, 'b0': 0, 'b1': 35, 'b2': 2, 'b3': 2, 'b-1': 6, 'b?': 0, 'a_rep': 'guacacaccgcccgucgcua', 'b_rep': 'guacacaccgcccgucgcuc', 'query_aligned': 'guacacaccgcccgucgcua', 'matched_aligned': '|||||||||||||||||||.', 'target_aligned': 'guacacaccgcccgucgcuc'}
15	2435	1665	0.52	[0.83, 0.97, 1.0, 1.0, 1.0]	[0.0, 0.76, 0.82, 0.87, 1.0]	uacacaccgcccgucgcuac	gtagcgacgggcggtgtgta	||||||||||||||||||.|	uacacaccgcccgucgcucc	uacacaccgcccgucgcuac	{'a0': 87, 'a1': 15, 'a2': 3, 'a3': 0, 'a-1': 0, 'a?': 0, 'b0': 0, 'b1': 34, 'b2': 3, 'b3': 2, 'b-1': 6, 'b?': 0, 'a_rep': 'uacacaccgcccgucgcuac', 'b_rep': 'uacacaccgcccgucgcucc', 'query_aligned': 'uacacaccgcccgucgcuac', 'matched_aligned': '||||||||||||||||||.|', 'target_aligned': 'uacacaccgcccgucgcucc'}
15	2436	1666	0.52	[0.83, 0.97, 1.0, 1.0, 1.0]	[0.0, 0.76, 0.8, 0.87, 1.0]	acacaccgcccgucgcuacu	agtagcgacgggcggtgtgt	|||||||||||||||||.||	acacaccgcccgucgcuccu	acacaccgcccgucgcuacu	{'a0': 87, 'a1': 15, 'a2': 3, 'a3': 0, 'a-1': 0, 'a?': 0, 'b0': 0, 'b1': 34, 'b2': 2, 'b3': 3, 'b-1': 6, 'b?': 0, 'a_rep': 'acacaccgcccgucgcuacu', 'b_rep': 'acacaccgcccgucgcuccu', 'query_aligned': 'acacaccgcccgucgcuacu', 'matched_aligned': '|||||||||||||||||.||', 'target_aligned': 'acacaccgcccgucgcuccu'}
15	2437	1667	0.53	[0.84, 0.97, 0.99, 1.0, 1.0]	[0.0, 0.76, 0.8, 0.84, 1.0]	cacaccgcccgucgcuacua	tagtagcgacgggcggtgtg	||||||||||||||||.|||	cacaccgcccgucgcuccua	cacaccgcccgucgcuacua	{'a0': 88, 'a1': 14, 'a2': 2, 'a3': 1, 'a-1': 0, 'a?': 0, 'b0': 0, 'b1': 34, 'b2': 2, 'b3': 2, 'b-1': 7, 'b?': 0, 'a_rep': 'cacaccgcccgucgcuacua', 'b_rep': 'cacaccgcccgucgcuccua', 'query_aligned': 'cacaccgcccgucgcuacua', 'matched_aligned': '||||||||||||||||.|||', 'target_aligned': 'cacaccgcccgucgcuccua'}
# locus 16
16	2450	1680	0.74	[0.63, 0.84, 0.87, 0.88, 1.0]	[0.0, 0.0, 0.78, 0.84, 1.0]	gcuacuaccgauugaauggc	gccattcaatcggtagtagc	|||.|||||||||||||||.	gcuccuaccgauugaauggu	gcuacuaccgauugaauggc	{'a0': 66, 'a1': 21, 'a2': 3, 'a3': 2, 'a-1': 12, 'a?': 0, 'b0': 0, 'b1': 0, 'b2': 35, 'b3': 3, 'b-1': 7, 'b?': 0, 'a_rep': 'gcuacuaccgauugaauggc', 'b_rep': 'gcuccuaccgauugaauggu', 'query_aligned': 'gcuacuaccgauugaauggc', 'matched_aligned': '|||.|||||||||||||||.', 'target_aligned': 'gcuccuaccgauugaauggu'}
16	2451	1681	0.73	[0.62, 0.83, 0.87, 0.88, 1.0]	[0.0, 0.0, 0.0, 0.78, 1.0]	cuacuaccgauugaauggcu	agccattcaatcggtagtag	||.|||||||||||||||-|-	cuccuaccgauugaaugguc-	cuacuaccgauugaaugg-cu	{'a0': 65, 'a1': 21, 'a2': 4, 'a3': 2, 'a-1': 12, 'a?': 0, 'b0': 0, 'b1': 0, 'b2': 0, 'b3': 35, 'b-1': 10, 'b?': 0, 'a_rep': 'cuacuaccgauugaauggcu', 'b_rep': 'cuccuaccgauugaaugguc', 'query_aligned': 'cuacuaccgauugaaugg-cu', 'matched_aligned': '||.|||||||||||||||-|-', 'target_aligned': 'cuccuaccgauugaaugguc-'}
16	2452	1682	0.67	[0.5, 0.83, 0.87, 0.88, 1.0]	[0.0, 0.0, 0.0, 0.0, 1.0]	uacuaccgauugaauggcuu	aagccattcaatcggtagta	|.|||||||||||||||-|.-	uccuaccgauugaauggucc-	uacuaccgauugaaugg-cuu	{'a0': 52, 'a1': 33, 'a2': 5, 'a3': 1, 'a-1': 12, 'a?': 0, 'b0': 0, 'b1': 0, 'b2': 0, 'b3': 0, 'b-1': 45, 'b?': 0, 'a_rep': 'uacuaccgauugaauggcuu', 'b_rep': 'uccuaccgauugaauggucc', 'query_aligned': 'uacuaccgauugaaugg-cuu', 'matched_aligned': '|.|||||||||||||||-|.-', 'target_aligned': 'uccuaccgauugaauggucc-'}
16	2453	1683	0.65	[0.5, 0.8, 0.86, 0.88, 1.0]	[0.0, 0.0, 0.0, 0.0, 1.0]	acuaccgauugaauggcuua	taagccattcaatcggtagt	.|||||||||||||||-|..-	ccuaccgauugaaugguccg-	acuaccgauugaaugg-cuua	{'a0': 51, 'a1': 31, 'a2': 7, 'a3': 2, 'a-1': 12, 'a?': 0, 'b0': 0, 'b1': 0, 'b2': 0, 'b3': 0, 'b-1': 45, 'b?': 0, 'a_rep': 'acuaccgauugaauggcuua', 'b_rep': 'ccuaccgauugaaugguccg', 'query_aligned': 'acuaccgauugaaugg-cuua', 'matched_aligned': '.|||||||||||||||-|..-', 'target_aligned': 'ccuaccgauugaaugguccg-'}
16	2455	1684	0.65	[0.5, 0.8, 0.86, 0.87, 1.0]	[0.0, 0.0, 0.0, 0.0, 1.0]	cuaccgauugaauggcuuag	ctaagccattcaatcggtag	|||||||||||||||-|..|-	cuaccgauugaaugg-uccgg	cuaccgauugaauggcuuag-	{'a0': 51, 'a1': 31, 'a2': 7, 'a3': 1, 'a-1': 13, 'a?': 0, 'b0': 0, 'b1': 0, 'b2': 0, 'b3': 0, 'b-1': 45, 'b?': 0, 'a_rep': 'cuaccgauugaauggcuuag', 'b_rep': 'cuaccgauugaaugguccgg', 'query_aligned': 'cuaccgauugaauggcuuag-', 'matched_aligned': '|||||||||||||||-|..|-', 'target_aligned': 'cuaccgauugaaugg-uccgg'}
16	2456	1685	0.65	[0.5, 0.8, 0.85, 0.87, 1.0]	[0.0, 0.0, 0.0, 0.0, 1.0]	uaccgauugaauggcuuagu	actaagccattcaatcggta	||||||||||||||-|..|-|	uaccgauugaaugg-uccggu	uaccgauugaauggcuuag-u	{'a0': 52, 'a1': 30, 'a2': 6, 'a3': 2, 'a-1': 13, 'a?': 0, 'b0': 0, 'b1': 0, 'b2': 0, 'b3': 0, 'b-1': 45, 'b?': 0, 'a_rep': 'uaccgauugaauggcuuagu', 'b_rep': 'uaccgauugaaugguccggu', 'query_aligned': 'uaccgauugaauggcuuag-u', 'matched_aligned': '||||||||||||||-|..|-|', 'target_aligned': 'uaccgauugaaugg-uccggu'}
16	2457	1686	0.65	[0.5, 0.8, 0.84, 0.87, 1.0]	[0.0, 0.0, 0.0, 0.0, 1.0]	accgauugaauggcuuagug	cactaagccattcaatcggt	|||||||||||||-|..|-||	accgauugaaugg-uccggug	accgauugaauggcuuag-ug	{'a0': 52, 'a1': 30, 'a2': 5, 'a3': 3, 'a-1': 13, 'a?': 0, 'b0': 0, 'b1': 0, 'b2': 0, 'b3': 0, 'b-1': 45, 'b?': 0, 'a_rep': 'accgauugaauggcuuagug', 'b_rep': 'accgauugaaugguccggug', 'query_aligned': 'accgauugaauggcuuag-ug', 'matched_aligned': '|||||||||||||-|..|-||', 'target_aligned': 'accgauugaaugg-uccggug'}
16	2458	1687	0.65	[0.5, 0.8, 0.84, 0.87, 1.0]	[0.0, 0.0, 0.0, 0.0, 1.0]	ccgauugaauggcuuaguga	tcactaagccattcaatcgg	||||||||||||-|..|-|||	ccgauugaaugg-uccgguga	ccgauugaauggcuuag-uga	{'a0': 51, 'a1': 31, 'a2': 5, 'a3': 3, 'a-1': 13, 'a?': 0, 'b0': 0, 'b1': 0, 'b2': 0, 'b3': 0, 'b-1': 45, 'b?': 0, 'a_rep': 'ccgauugaauggcuuaguga', 'b_rep': 'ccgauugaaugguccgguga', 'query_aligned': 'ccgauugaauggcuuag-uga', 'matched_aligned': '||||||||||||-|..|-|||', 'target_aligned': 'ccgauugaaugg-uccgguga'}
16	2459	1688	0.62	[0.44, 0.8, 0.84, 0.87, 1.0]	[0.0, 0.0, 0.0, 0.0, 1.0]	cgauugaauggcuuagugag	ctcactaagccattcaatcg	|||||||||||-|..|-|||.	cgauugaaugg-uccggugaa	cgauugaauggcuuag-ugag	{'a0': 45, 'a1': 37, 'a2': 5, 'a3': 3, 'a-1': 13, 'a?': 0, 'b0': 0, 'b1': 0, 'b2': 0, 'b3': 0, 'b-1': 45, 'b?': 0, 'a_rep': 'cgauugaauggcuuagugag', 'b_rep': 'cgauugaaugguccggugaa', 'query_aligned': 'cgauugaauggcuuag-ugag', 'matched_aligned': '|||||||||||-|..|-|||.', 'target_aligned': 'cgauugaaugg-uccggugaa'}
# locus 17
17	2593	1772	0.6	[0.46, 0.74, 0.78, 0.83, 1.0]	[0.0, 0.0, 0.0, 0.0, 1.0]	caaacuuggucauuuagagg	cctctaaatgaccaagtttg	..|||-||.-|||||||||||	ugaaccuua-ucauuuagagg	caaac-uuggucauuuagagg	{'a0': 38, 'a1': 23, 'a2': 3, 'a3': 4, 'a-1': 14, 'a?': 0, 'b0': 0, 'b1': 0, 'b2': 0, 'b3': 0, 'b-1': 38, 'b?': 0, 'a_rep': 'caaacuuggucauuuagagg', 'b_rep': 'ugaaccuuaucauuuagagg', 'query_aligned': 'caaac-uuggucauuuagagg', 'matched_aligned': '..|||-||.-|||||||||||', 'target_aligned': 'ugaaccuua-ucauuuagagg'}
17	2594	1773	0.62	[0.49, 0.76, 0.81, 0.84, 1.0]	[0.0, 0.0, 0.0, 0.03, 1.0]	aaacuuggucauuuagagga	tcctctaaatgaccaagttt	.|||-||.-||||||||||||	gaaccuua-ucauuuagagga	aaac-uuggucauuuagagga	{'a0': 39, 'a1': 22, 'a2': 4, 'a3': 2, 'a-1': 13, 'a?': 0, 'b0': 0, 'b1': 0, 'b2': 0, 'b3': 1, 'b-1': 37, 'b?': 0, 'a_rep': 'aaacuuggucauuuagagga', 'b_rep': 'gaaccuuaucauuuagagga', 'query_aligned': 'aaac-uuggucauuuagagga', 'matched_aligned': '.|||-||.-||||||||||||', 'target_aligned': 'gaaccuua-ucauuuagagga'}
17	2595	1774	0.64	[0.51, 0.77, 0.81, 0.84, 1.0]	[0.0, 0.0, 0.0, 0.66, 1.0]	aacuuggucauuuagaggaa	ttcctctaaatgaccaagtt	|||-||.-|||||||||||||	aaccuua-ucauuuagaggaa	aac-uuggucauuuagaggaa	{'a0': 40, 'a1': 21, 'a2': 3, 'a3': 2, 'a-1': 13, 'a?': 0, 'b0': 0, 'b1': 0, 'b2': 0, 'b3': 25, 'b-1': 13, 'b?': 0, 'a_rep': 'aacuuggucauuuagaggaa', 'b_rep': 'aaccuuaucauuuagaggaa', 'query_aligned': 'aac-uuggucauuuagaggaa', 'matched_aligned': '|||-||.-|||||||||||||', 'target_aligned': 'aaccuua-ucauuuagaggaa'}
17	2596	1775	0.62	[0.49, 0.76, 0.8, 0.82, 1.0]	[0.0, 0.0, 0.0, 0.66, 1.0]	acuuggucauuuagaggaag	cttcctctaaatgaccaagt	||-||.-||||||||||||||	accuua-ucauuuagaggaag	ac-uuggucauuuagaggaag	{'a0': 39, 'a1': 22, 'a2': 3, 'a3': 2, 'a-1': 14, 'a?': 0, 'b0': 0, 'b1': 0, 'b2': 0, 'b3': 25, 'b-1': 13, 'b?': 0, 'a_rep': 'acuuggucauuuagaggaag', 'b_rep': 'accuuaucauuuagaggaag', 'query_aligned': 'ac-uuggucauuuagaggaag', 'matched_aligned': '||-||.-||||||||||||||', 'target_aligned': 'accuua-ucauuuagaggaag'}
17	2623	1776	0.63	[0.5, 0.76, 0.8, 0.82, 1.0]	[0.0, 0.0, 0.0, 0.0, 1.0]	cuuggucauuuagaggaagu	acttcctctaaatgaccaag	|-||.-||||||||||||||.	ccuua-ucauuuagaggaagg	c-uuggucauuuagaggaagu	{'a0': 40, 'a1': 21, 'a2': 3, 'a3': 2, 'a-1': 14, 'a?': 0, 'b0': 0, 'b1': 0, 'b2': 0, 'b3': 0, 'b-1': 38, 'b?': 0, 'a_rep': 'cuuggucauuuagaggaagu', 'b_rep': 'ccuuaucauuuagaggaagg', 'query_aligned': 'c-uuggucauuuagaggaagu', 'matched_aligned': '|-||.-||||||||||||||.', 'target_aligned': 'ccuua-ucauuuagaggaagg'}
17	2624	1777	0.63	[0.51, 0.76, 0.8, 0.84, 1.0]	[0.0, 0.0, 0.0, 0.0, 1.0]	uuggucauuuagaggaagua	tacttcctctaaatgaccaa	-||.-||||||||||||||.|	cuua-ucauuuagaggaagga	-uuggucauuuagaggaagua	{'a0': 40, 'a1': 20, 'a2': 3, 'a3': 3, 'a-1': 13, 'a?': 0, 'b0': 0, 'b1': 0, 'b2': 0, 'b3': 0, 'b-1': 38, 'b?': 0, 'a_rep': 'uuggucauuuagaggaagua', 'b_rep': 'cuuaucauuuagaggaagga', 'query_aligned': '-uuggucauuuagaggaagua', 'matched_aligned': '-||.-||||||||||||||.|', 'target_aligned': 'cuua-ucauuuagaggaagga'}
17	2625	1778	0.63	[0.49, 0.76, 0.8, 0.84, 1.0]	[0.0, 0.0, 0.0, 0.0, 1.0]	uggucauuuagaggaaguaa	ttacttcctctaaatgacca	|..||||||||||||||.|.	uuaucauuuagaggaaggag	uggucauuuagaggaaguaa	{'a0': 39, 'a1': 21, 'a2': 3, 'a3': 3, 'a-1': 13, 'a?': 0, 'b0': 0, 'b1': 0, 'b2': 0, 'b3': 0, 'b-1': 38, 'b?': 0, 'a_rep': 'uggucauuuagaggaaguaa', 'b_rep': 'uuaucauuuagaggaaggag', 'query_aligned': 'uggucauuuagaggaaguaa', 'matched_aligned': '|..||||||||||||||.|.', 'target_aligned': 'uuaucauuuagaggaaggag'}
17	2626	1779	0.65	[0.55, 0.75, 0.83, 0.83, 1.0]	[0.0, 0.0, 0.0, 0.0, 1.0]	ggucauuuagaggaaguaaa	tttacttcctctaaatgacc	..||||||||||||||.|.|	uaucauuuagaggaaggaga	ggucauuuagaggaaguaaa	{'a0': 42, 'a1': 16, 'a2': 6, 'a3': 0, 'a-1': 13, 'a?': 0, 'b0': 0, 'b1': 0, 'b2': 0, 'b3': 0, 'b-1': 38, 'b?': 0, 'a_rep': 'ggucauuuagaggaaguaaa', 'b_rep': 'uaucauuuagaggaaggaga', 'query_aligned': 'ggucauuuagaggaaguaaa', 'matched_aligned': '..||||||||||||||.|.|', 'target_aligned': 'uaucauuuagaggaaggaga'}
17	2627	1780	0.66	[0.55, 0.78, 0.83, 0.83, 1.0]	[0.0, 0.0, 0.0, 0.66, 1.0]	gucauuuagaggaaguaaaa	ttttacttcctctaaatgac	.||||||||||||||.|.||	aucauuuagaggaaggagaa	gucauuuagaggaaguaaaa	{'a0': 42, 'a1': 18, 'a2': 4, 'a3': 0, 'a-1': 13, 'a?': 0, 'b0': 0, 'b1': 0, 'b2': 0, 'b3': 25, 'b-1': 13, 'b?': 0, 'a_rep': 'gucauuuagaggaaguaaaa', 'b_rep': 'aucauuuagaggaaggagaa', 'query_aligned': 'gucauuuagaggaaguaaaa', 'matched_aligned': '.||||||||||||||.|.||', 'target_aligned': 'aucauuuagaggaaggagaa'}
17	2628	1781	0.71	[0.62, 0.8, 0.84, 0.84, 1.0]	[0.0, 0.0, 0.66, 0.84, 1.0]	ucauuuagaggaaguaaaag	cttttacttcctctaaatga	||||||||||||||.|.|||	ucauuuagaggaaggagaag	ucauuuagaggaaguaaaag	{'a0': 47, 'a1': 14, 'a2': 3, 'a3': 0, 'a-1': 12, 'a?': 0, 'b0': 0, 'b1': 0, 'b2': 25, 'b3': 7, 'b-1': 6, 'b?': 0, 'a_rep': 'ucauuuagaggaaguaaaag', 'b_rep': 'ucauuuagaggaaggagaag', 'query_aligned': 'ucauuuagaggaaguaaaag', 'matched_aligned': '||||||||||||||.|.|||', 'target_aligned': 'ucauuuagaggaaggagaag'}
17	2629	1782	0.74	[0.64, 0.83, 0.84, 0.84, 1.0]	[0.0, 0.0, 0.68, 0.86, 1.0]	cauuuagaggaaguaaaagu	acttttacttcctctaaatg	|||||||||||||.|.||||	cauuuagaggaaggagaagu	cauuuagaggaaguaaaagu	{'a0': 49, 'a1': 14, 'a2': 1, 'a3': 0, 'a-1': 12, 'a?': 0, 'b0': 0, 'b1': 0, 'b2': 25, 'b3': 7, 'b-1': 5, 'b?': 0, 'a_rep': 'cauuuagaggaaguaaaagu', 'b_rep': 'cauuuagaggaaggagaagu', 'query_aligned': 'cauuuagaggaaguaaaagu', 'matched_aligned': '|||||||||||||.|.||||', 'target_aligned': 'cauuuagaggaaggagaagu'}
17	2630	1783	0.76	[0.68, 0.83, 0.84, 0.84, 1.0]	[0.0, 0.0, 0.69, 0.86, 1.0]	auuuagaggaaguaaaaguc	gacttttacttcctctaaat	||||||||||||.|.|||||	auuuagaggaaggagaaguc	auuuagaggaaguaaaaguc	{'a0': 52, 'a1': 11, 'a2': 1, 'a3': 0, 'a-1': 12, 'a?': 0, 'b0': 0, 'b1': 0, 'b2': 25, 'b3': 6, 'b-1': 5, 'b?': 0, 'a_rep': 'auuuagaggaaguaaaaguc', 'b_rep': 'auuuagaggaaggagaaguc', 'query_aligned': 'auuuagaggaaguaaaaguc', 'matched_aligned': '||||||||||||.|.|||||', 'target_aligned': 'auuuagaggaaggagaaguc'}
17	2631	1784	0.77	[0.7, 0.84, 0.84, 0.84, 1.0]	[0.0, 0.0, 0.68, 0.85, 1.0]	uuuagaggaaguaaaagucg	cgacttttacttcctctaaa	|||||||||||.|.||||||	uuuagaggaaggagaagucg	uuuagaggaaguaaaagucg	{'a0': 53, 'a1': 11, 'a2': 0, 'a3': 0, 'a-1': 12, 'a?': 0, 'b0': 0, 'b1': 0, 'b2': 23, 'b3': 6, 'b-1': 5, 'b?': 0, 'a_rep': 'uuuagaggaaguaaaagucg', 'b_rep': 'uuuagaggaaggagaagucg', 'query_aligned': 'uuuagaggaaguaaaagucg', 'matched_aligned': '|||||||||||.|.||||||', 'target_aligned': 'uuuagaggaaggagaagucg'}
17	2632	1785	0.78	[0.72, 0.84, 0.84, 0.84, 1.0]	[0.0, 0.0, 0.69, 0.83, 1.0]	uuagaggaaguaaaagucgu	acgacttttacttcctctaa	||||||||||.|.|||||||	uuagaggaaggagaagucgu	uuagaggaaguaaaagucgu	{'a0': 54, 'a1': 9, 'a2': 0, 'a3': 0, 'a-1': 12, 'a?': 0, 'b0': 0, 'b1': 0, 'b2': 20, 'b3': 4, 'b-1': 5, 'b?': 0, 'a_rep': 'uuagaggaaguaaaagucgu', 'b_rep': 'uuagaggaaggagaagucgu', 'query_aligned': 'uuagaggaaguaaaagucgu', 'matched_aligned': '||||||||||.|.|||||||', 'target_aligned': 'uuagaggaaggagaagucgu'}
17	2633	1786	0.81	[0.77, 0.84, 0.84, 0.85, 1.0]	[0.0, 0.0, 0.69, 0.83, 1.0]	uagaggaaguaaaagucgua	tacgacttttacttcctcta	|||||||||.|.||||||||	uagaggaaggagaagucgua	uagaggaaguaaaagucgua	{'a0': 58, 'a1': 5, 'a2': 0, 'a3': 1, 'a-1': 11, 'a?': 0, 'b0': 0, 'b1': 0, 'b2': 20, 'b3': 4, 'b-1': 5, 'b?': 0, 'a_rep': 'uagaggaaguaaaagucgua', 'b_rep': 'uagaggaaggagaagucgua', 'query_aligned': 'uagaggaaguaaaagucgua', 'matched_aligned': '|||||||||.|.||||||||', 'target_aligned': 'uagaggaaggagaagucgua'}
17	2634	1787	0.79	[0.76, 0.83, 0.84, 0.85, 1.0]	[0.0, 0.0, 0.72, 0.83, 1.0]	agaggaaguaaaagucguaa	ttacgacttttacttcctct	||||||||.|.|||||||||	agaggaaggagaagucguaa	agaggaaguaaaagucguaa	{'a0': 57, 'a1': 5, 'a2': 1, 'a3': 1, 'a-1': 11, 'a?': 0, 'b0': 0, 'b1': 0, 'b2': 21, 'b3': 3, 'b-1': 5, 'b?': 0, 'a_rep': 'agaggaaguaaaagucguaa', 'b_rep': 'agaggaaggagaagucguaa', 'query_aligned': 'agaggaaguaaaagucguaa', 'matched_aligned': '||||||||.|.|||||||||', 'target_aligned': 'agaggaaggagaagucguaa'}
17	2635	1788	0.79	[0.76, 0.83, 0.85, 0.85, 1.0]	[0.0, 0.0, 0.72, 0.83, 1.0]	gaggaaguaaaagucguaac	gttacgacttttacttcctc	|||||||.|.||||||||||	gaggaaggagaagucguaac	gaggaaguaaaagucguaac	{'a0': 57, 'a1': 5, 'a2': 2, 'a3': 0, 'a-1': 11, 'a?': 0, 'b0': 0, 'b1': 0, 'b2': 21, 'b3': 3, 'b-1': 5, 'b?': 0, 'a_rep': 'gaggaaguaaaagucguaac', 'b_rep': 'gaggaaggagaagucguaac', 'query_aligned': 'gaggaaguaaaagucguaac', 'matched_aligned': '|||||||.|.||||||||||', 'target_aligned': 'gaggaaggagaagucguaac'}
17	2636	1789	0.79	[0.74, 0.84, 0.86, 0.86, 1.0]	[0.0, 0.0, 0.76, 0.83, 1.0]	aggaaguaaaagucguaaca	tgttacgacttttacttcct	||||||.|.|||||||||||	aggaaggagaagucguaaca	aggaaguaaaagucguaaca	{'a0': 55, 'a1': 7, 'a2': 2, 'a3': 0, 'a-1': 10, 'a?': 0, 'b0': 0, 'b1': 0, 'b2': 22, 'b3': 2, 'b-1': 5, 'b?': 0, 'a_rep': 'aggaaguaaaagucguaaca', 'b_rep': 'aggaaggagaagucguaaca', 'query_aligned': 'aggaaguaaaagucguaaca', 'matched_aligned': '||||||.|.|||||||||||', 'target_aligned': 'aggaaggagaagucguaaca'}
17	2637	1790	0.78	[0.74, 0.83, 0.88, 0.88, 1.0]	[0.0, 0.0, 0.76, 0.83, 1.0]	ggaaguaaaagucguaacaa	ttgttacgacttttacttcc	|||||.|.||||||||||||	ggaaggagaagucguaacaa	ggaaguaaaagucguaacaa	{'a0': 48, 'a1': 6, 'a2': 3, 'a3': 0, 'a-1': 8, 'a?': 0, 'b0': 0, 'b1': 0, 'b2': 22, 'b3': 2, 'b-1': 5, 'b?': 0, 'a_rep': 'ggaaguaaaagucguaacaa', 'b_rep': 'ggaaggagaagucguaacaa', 'query_aligned': 'ggaaguaaaagucguaacaa', 'matched_aligned': '|||||.|.||||||||||||', 'target_aligned': 'ggaaggagaagucguaacaa'}
17	2638	1791	0.78	[0.73, 0.83, 0.88, 0.89, 1.0]	[0.0, 0.0, 0.76, 0.83, 1.0]	gaaguaaaagucguaacaag	cttgttacgacttttacttc	||||.|.|||||||||||||	gaaggagaagucguaacaag	gaaguaaaagucguaacaag	{'a0': 47, 'a1': 6, 'a2': 3, 'a3': 1, 'a-1': 7, 'a?': 0, 'b0': 0, 'b1': 0, 'b2': 22, 'b3': 2, 'b-1': 5, 'b?': 0, 'a_rep': 'gaaguaaaagucguaacaag', 'b_rep': 'gaaggagaagucguaacaag', 'query_aligned': 'gaaguaaaagucguaacaag', 'matched_aligned': '||||.|.|||||||||||||', 'target_aligned': 'gaaggagaagucguaacaag'}
17	2639	1792	0.79	[0.73, 0.84, 0.87, 0.89, 1.0]	[0.0, 0.0, 0.76, 0.86, 1.0]	aaguaaaagucguaacaagg	ccttgttacgacttttactt	|||.|.||||||||||||||	aaggagaagucguaacaagg	aaguaaaagucguaacaagg	{'a0': 46, 'a1': 7, 'a2': 2, 'a3': 1, 'a-1': 7, 'a?': 0, 'b0': 0, 'b1': 0, 'b2': 22, 'b3': 3, 'b-1': 4, 'b?': 0, 'a_rep': 'aaguaaaagucguaacaagg', 'b_rep': 'aaggagaagucguaacaagg', 'query_aligned': 'aaguaaaagucguaacaagg', 'matched_aligned': '|||.|.||||||||||||||', 'target_aligned': 'aaggagaagucguaacaagg'}
17	2640	1793	0.8	[0.74, 0.85, 0.85, 0.93, 1.0]	[0.0, 0.0, 0.53, 0.73, 1.0]	aguaaaagucguaacaaggu	accttgttacgacttttact	||.|.|||||||||||||||	aggagaagucguaacaaggu	aguaaaagucguaacaaggu	{'a0': 45, 'a1': 7, 'a2': 0, 'a3': 5, 'a-1': 4, 'a?': 0, 'b0': 0, 'b1': 0, 'b2': 8, 'b3': 3, 'b-1': 4, 'b?': 0, 'a_rep': 'aguaaaagucguaacaaggu', 'b_rep': 'aggagaagucguaacaaggu', 'query_aligned': 'aguaaaagucguaacaaggu', 'matched_aligned': '||.|.|||||||||||||||', 'target_aligned': 'aggagaagucguaacaaggu'}
17	2641	1794	0.74	[0.65, 0.82, 0.88, 0.91, 1.0]	[0.0, 0.0, 0.57, 0.71, 1.0]	guaaaagucguaacaagguu	aaccttgttacgacttttac	|.|.||||||||||||||||	ggagaagucguaacaagguu	guaaaagucguaacaagguu	{'a0': 37, 'a1': 10, 'a2': 3, 'a3': 2, 'a-1': 5, 'a?': 0, 'b0': 0, 'b1': 0, 'b2': 8, 'b3': 2, 'b-1': 4, 'b?': 0, 'a_rep': 'guaaaagucguaacaagguu', 'b_rep': 'ggagaagucguaacaagguu', 'query_aligned': 'guaaaagucguaacaagguu', 'matched_aligned': '|.|.||||||||||||||||', 'target_aligned': 'ggagaagucguaacaagguu'}
17	2642	1795	0.74	[0.67, 0.8, 0.87, 0.93, 1.0]	[0.0, 0.0, 0.69, 0.77, 1.0]	uaaaagucguaacaagguuu	aaaccttgttacgactttta	.|.|||||||||||||||||	gagaagucguaacaagguuu	uaaaagucguaacaagguuu	{'a0': 37, 'a1': 7, 'a2': 4, 'a3': 3, 'a-1': 4, 'a?': 0, 'b0': 0, 'b1': 0, 'b2': 9, 'b3': 1, 'b-1': 3, 'b?': 0, 'a_rep': 'uaaaagucguaacaagguuu', 'b_rep': 'gagaagucguaacaagguuu', 'query_aligned': 'uaaaagucguaacaagguuu', 'matched_aligned': '.|.|||||||||||||||||', 'target_aligned': 'gagaagucguaacaagguuu'}
